1_grams,Frequency
cancer,754
may,727
risk,714
health,667
heart,618
healthy,529
weight,502
help,448
diet,421
women,409
diabetes,339
new,318
ways,312
loss,302
5,301
kids,298
foods,293
tips,289
food,288
good,281
fat,264
get,259
study,253
disease,251
top,249
exercise,249
sleep,247
make,244
brain,230
stress,221
10,219
sex,218
day,212
life,208
eat,208
yoga,206
fitness,205
obesity,202
men,196
patients,194
breast,193
body,193
20,190
high,189
could,188
people,182
linked,180
fight,178
keep,177
best,177
pain,168
india,167
prevent,161
know,161
smoking,159
depression,157
workout,156
blood,155
way,155
lose,152
drug,152
fit,149
better,146
eating,143
avoid,142
must,142
treat,140
benefits,138
home,137
cause,135
7,132
pregnancy,129
cut,128
bad,128
skin,125
boost,125
stay,123
6,121
need,120
treatment,115
common,112
exercises,111
low,110
myths,109
right,109
helps,109
attack,107
drugs,107
beat,107
8,106
cure,105
stroke,103
alzheimer,102
lead,99
ups,99
summer,99
lifestyle,98
diseases,98
vitamin,98
reduce,97
hiv,96
test,96
one,95
4,95
air,95
age,91
take,91
soon,91
work,89
habits,89
improve,88
use,86
obese,86
simple,86
world,86
therapy,86
reasons,86
water,85
control,85
free,85
problems,85
time,84
year,84
asthma,84
memory,83
less,83
workouts,83
cholesterol,83
things,83
mental,83
flu,82
early,82
go,82
sugar,79
lower,78
increase,78
much,78
3,76
first,76
affect,76
coffee,76
back,75
daily,75
try,75
pollution,75
drinking,74
doctors,73
care,73
indian,73
vaccine,73
symptoms,72
zika,72
gym,72
stop,72
remedies,71
alcohol,71
protein,71
milk,71
babies,70
damage,70
dengue,70
signs,70
cuts,69
child,69
drink,69
want,69
children,68
causes,68
diabetics,68
every,68
away,68
among,67
bp,67
says,67
virus,67
pregnant,66
young,66
experts,66
tea,66
easy,65
cells,65
death,65
1,65
gain,65
affects,64
effective,64
cases,64
pressure,64
eye,63
post,63
start,63
kidney,60
birth,60
disorder,60
likely,60
night,60
facts,60
guide,60
mind,59
give,59
surgery,59
cold,58
15,58
say,57
gene,57
rise,57
long,57
malaria,57
us,57
harmful,56
anti,56
morning,56
sexual,56
beware,55
even,55
genes,55
making,55
pill,55
smokers,55
like,55
safe,54
lung,54
protect,54
plan,53
love,53
anxiety,53
30,52
live,52
healthier,52
mumbai,52
oil,52
deaths,52
green,52
dementia,52
poor,51
makes,51
wine,51
teeth,51
years,51
bay,50
tobacco,50
red,50
higher,50
infections,50
hair,49
pics,49
delhi,49
disorders,49
childhood,49
happy,49
effects,49
2,49
without,49
breakfast,49
deal,49
9,49
save,49
drinks,48
winter,48
detect,48
teens,48
fruits,48
addiction,47
behind,47
kill,46
indians,46
diets,46
monsoon,46
walk,46
social,46
leads,46
mistakes,46
calories,45
bone,45
really,45
longer,45
natural,45
prone,45
eyes,45
baby,45
important,44
season,44
liver,44
feel,44
docs,44
quit,44
levels,44
feeling,44
bacteria,44
fish,43
older,43
detox,43
mood,43
quality,43
find,43
belly,43
chronic,42
harm,42
type,42
energy,42
e,42
running,42
elderly,42
tb,41
medical,41
old,41
fertility,41
hot,41
found,41
prevention,40
hormone,40
syndrome,40
predict,40
oral,40
combat,40
c,40
revealed,39
steps,39
juice,39
key,39
arthritis,39
change,38
diwali,38
training,38
watch,38
cigarettes,38
kilos,38
snacks,38
male,38
burn,38
non,38
getting,38
killer,37
failure,37
secret,37
power,37
unhealthy,37
swine,37
pills,37
risks,37
intake,37
junk,37
muscle,37
fast,36
face,36
hepatitis,36
increases,36
changes,36
scientists,36
living,36
curb,36
blame,36
meat,36
diabetic,36
adults,36
rid,36
ageing,35
many,35
premature,35
understanding,35
look,35
still,35
woman,35
office,35
music,35
quick,35
using,35
working,34
follow,34
boosts,34
trigger,34
cell,34
prostate,34
lost,34
expert,34
stomach,34
breastfeeding,34
turn,33
device,33
chocolate,33
infection,33
attacks,33
suffering,33
cancers,33
never,33
losing,33
week,32
50,32
reduces,32
transplant,32
ease,32
menopause,32
govt,32
illness,32
autism,32
perfect,32
human,32
minutes,32
deadly,31
heat,31
lives,31
migraine,31
hope,31
suffer,31
let,31
identified,31
slim,31
exposure,31
today,30
self,30
rules,30
festive,30
abs,30
big,30
late,30
awareness,30
secrets,30
rich,30
smoke,30
put,30
gut,30
mother,29
extra,29
blues,29
super,29
hit,29
veggies,29
puts,29
genetic,29
binge,29
fun,29
man,29
months,29
depressed,29
celebrity,29
tackle,29
sleeping,29
spread,29
suicide,28
mothers,28
busted,28
raise,28
infertility,28
link,28
online,28
tests,28
calorie,28
causing,28
sperm,28
run,28
well,28
cravings,28
heal,28
aspirin,28
hypertension,28
cardiac,28
five,28
system,27
nutrition,27
kick,27
tell,27
taking,27
essential,27
issues,27
fear,27
check,27
stem,27
increased,27
shed,27
buster,27
butt,27
antibiotic,27
everything,27
keeps,27
sweet,27
dangerous,27
days,26
immunity,26
medicine,26
aids,26
antibiotics,26
die,26
growth,26
ignore,26
city,26
lack,26
alert,26
supplements,26
ban,26
triggers,26
vision,26
battle,26
double,25
salt,25
might,25
lowers,25
immune,25
healing,25
made,25
fruit,25
everyday,25
sitting,25
40,25
stressed,25
meals,25
nuts,25
ideas,25
moms,25
enough,25
benefit,25
drive,25
girls,25
become,25
hearing,24
doctor,24
allergies,24
shows,24
think,24
meal,24
smartphone,24
tooth,24
single,24
side,24
add,24
parents,24
six,24
finds,24
dysfunction,24
person,24
activity,24
two,24
pre,24
happiness,23
percent,23
types,23
mantra,23
video,23
parkinson,23
centre,23
regular,23
bed,23
cost,23
reality,23
tv,23
improves,23
fasting,23
learn,23
youth,23
hours,23
2017,23
multiple,23
kid,23
walking,23
different,23
warning,23
minute,23
related,23
injury,22
rs,22
tried,22
000,22
games,22
meditation,22
dental,22
popular,22
marijuana,22
posture,22
beer,22
asanas,22
comes,22
shape,22
de,22
function,22
mums,22
gets,22
bones,22
problem,22
vs,22
sick,21
deficiency,21
ready,21
going,21
superfoods,21
25,21
cool,21
ill,21
smart,21
threat,21
knee,21
cigarette,21
clean,21
born,21
story,21
2016,21
poses,21
physical,21
family,21
wo,21
yet,21
watching,21
flab,21
delay,20
routine,20
cough,20
100,20
see,20
worst,20
kgs,20
viagra,20
ailments,20
heavy,20
fever,20
greater,20
healthcare,20
fad,20
active,20
mobile,20
coming,20
faster,20
technique,20
next,20
allergy,20
insulin,20
marathon,20
breath,20
choices,20
risky,20
brains,20
due,20
vaginal,20
develop,20
ayurveda,20
fatigue,20
step,20
closer,20
based,20
worse,20
china,19
gum,19
hangover,19
mediterranean,19
osteoporosis,19
thyroid,19
kills,19
later,19
h1n1,19
would,19
light,19
addicted,19
actually,19
60,19
hand,19
method,19
takes,19
prevents,19
hour,19
reverse,19
fatal,19
rice,19
burning,18
rate,18
infants,18
positive,18
turmeric,18
cooking,18
history,18
weekend,18
headache,18
phone,18
holiday,18
ivf,18
emotional,18
myth,18
end,18
relief,18
latest,18
level,18
noise,18
hospitals,18
truth,18
tricks,18
ovarian,18
overcome,18
feet,18
wear,18
kitchen,18
ebola,18
million,18
three,18
slow,18
epilepsy,18
little,18
list,18
2012,18
hard,18
tied,18
dieting,18
neck,18
tummy,18
colon,18
female,18
contraceptive,18
diagnosis,17
special,17
sexy,17
promise,17
pack,17
month,17
dry,17
ward,17
celebrities,17
lakh,17
calcium,17
resistant,17
2018,17
survivors,17
teen,17
white,17
strong,17
always,17
exercising,17
raises,17
app,17
sports,17
herbal,17
survey,17
dance,17
times,17
treatments,17
desk,17
flat,17
caffeine,17
hygiene,17
serious,17
sign,17
dos,17
abuse,17
size,17
habit,17
2013,17
medicines,17
report,16
set,16
effect,16
sugary,16
broccoli,16
naturally,16
overweight,16
identify,16
fix,16
eggs,16
fresh,16
longevity,16
dna,16
road,16
possible,16
breathing,16
cervical,16
injuries,16
urinary,16
real,16
fats,16
advice,16
wrong,16
mom,16
play,16
head,16
lungs,16
fatty,16
strength,16
youngsters,16
internet,16
chicken,16
hormones,16
spot,16
great,16
tax,16
booze,16
cardio,16
party,16
16,16
resistance,16
quiz,16
term,16
toned,16
smarter,16
chikungunya,16
trends,16
younger,16
apnea,16
protects,16
dark,16
short,16
break,16
apps,16
driving,16
metabolism,16
bring,16
also,16
erectile,16
partner,16
12,15
faqs,15
budget,15
media,15
humans,15
computer,15
severe,15
organ,15
fall,15
second,15
around,15
sun,15
middle,15
excess,15
research,15
heartburn,15
tumour,15
digital,15
per,15
biggest,15
pneumonia,15
iron,15
enjoy,15
sclerosis,15
toll,15
maintain,15
rising,15
oils,15
combo,15
holi,15
b,15
half,15
job,15
pcos,15
bowel,15
part,15
relax,15
taste,15
choose,15
weather,15
muscles,15
silent,15
cycling,15
talk,15
mean,15
polio,15
smell,15
mosquitoes,15
past,15
testosterone,15
deep,15
dealing,15
nutritional,15
contact,15
major,15
pancreatic,15
respiratory,15
hospital,15
80,15
beginners,14
menstrual,14
soy,14
performance,14
spices,14
breathe,14
manage,14
sure,14
news,14
decoded,14
killing,14
nicotine,14
digestion,14
needs,14
increasing,14
aggressive,14
toxic,14
11,14
uk,14
exam,14
sore,14
relieve,14
throat,14
navratri,14
eaters,14
others,14
carb,14
patient,14
items,14
ever,14
detection,14
influence,14
jab,14
works,14
spinal,14
school,14
gluten,14
offer,14
build,14
include,14
insomnia,14
aid,14
reveals,14
importance,14
2011,14
aiims,14
tumours,14
craving,13
athlete,13
technology,13
trend,13
users,13
mouth,13
resolutions,13
recovery,13
results,13
couples,13
third,13
orgasm,13
impact,13
workplace,13
periods,13
overeating,13
developing,13
fail,13
small,13
public,13
ability,13
workers,13
libido,13
lag,13
track,13
waist,13
products,13
boys,13
thing,13
carbs,13
preterm,13
vegetables,13
teenagers,13
rare,13
options,13
global,13
novel,13
decline,13
dietary,13
mortality,13
vegan,13
tone,13
snoring,13
miscarriage,13
achieve,13
promote,13
playing,13
plastic,13
foot,13
stronger,13
cheat,13
reason,13
handle,13
emergency,13
wake,13
diagnose,13
aging,13
often,13
vacation,13
potential,13
move,13
thinking,13
autistic,13
hands,13
government,13
celebs,13
since,12
spine,12
shot,12
mentally,12
500,12
woes,12
addicts,12
chocolates,12
goes,12
apple,12
chemical,12
olive,12
science,12
fitter,12
last,12
nature,12
gujarat,12
fracture,12
2015,12
offers,12
indoor,12
black,12
hunger,12
bite,12
inflammation,12
pet,12
listen,12
management,12
affecting,12
role,12
headaches,12
hits,12
cup,12
legs,12
push,12
warn,12
dinner,12
bread,12
artificial,12
tomatoes,12
calm,12
phones,12
cardiovascular,12
leading,12
game,12
passive,12
borne,12
leave,12
pick,12
complications,12
lifespan,12
recipes,12
friendly,12
future,12
surprising,12
jet,12
snacking,12
another,12
train,12
ca,12
clock,12
students,12
turns,12
ones,12
nose,12
developed,12
ideal,12
metabolic,11
successful,11
snack,11
transplants,11
ayurvedic,11
virtual,11
painful,11
kerala,11
gives,11
births,11
reading,11
psoriasis,11
forget,11
crucial,11
whole,11
target,11
mosquito,11
stick,11
porn,11
interesting,11
happens,11
shoes,11
normal,11
eight,11
slimmer,11
rates,11
dialysis,11
buy,11
sunlight,11
review,11
within,11
personality,11
egg,11
negative,11
got,11
yogurt,11
techniques,11
joint,11
despite,11
friends,11
read,11
vaccines,11
catch,11
dose,11
condition,11
memories,11
vitamins,11
tract,11
basic,11
responsible,11
herbs,11
crisis,11
four,11
laughter,11
screening,11
unsafe,11
tech,11
laugh,11
epidemic,11
medication,11
cream,11
aged,11
iq,11
chances,11
coconut,11
used,11
chemotherapy,11
bizarre,11
blindness,11
spend,11
glucose,11
monday,11
treats,11
heard,11
travel,11
polluted,11
singh,11
organs,11
state,11
hidden,11
art,11
boon,11
drop,10
favourite,10
adult,10
act,10
glaucoma,10
hungry,10
cheap,10
biological,10
tired,10
hearts,10
grow,10
14,10
putting,10
aware,10
cheaper,10
easily,10
pizza,10
waistline,10
thighs,10
turning,10
meet,10
doubles,10
weeks,10
frequent,10
launched,10
earlier,10
soft,10
organic,10
ice,10
sickness,10
equipment,10
implant,10
deprived,10
acidity,10
migraines,10
open,10
sources,10
full,10
waste,10
beach,10
trainer,10
share,10
gear,10
reveal,10
45,10
probiotics,10
smartphones,10
balance,10
researchers,10
moderate,10
maternal,10
sweat,10
skills,10
sharp,10
smaller,10
seeds,10
explained,10
potatoes,10
claims,10
shun,10
happened,10
population,10
vegetarian,10
differently,10
switch,10
section,10
figure,10
blind,10
defects,10
traffic,10
beneficial,10
arteries,10
malnutrition,10
costs,10
safety,10
warnings,10
everyone,10
lot,10
sound,10
broken,10
womb,10
heels,10
consumption,10
raw,10
desire,10
call,10
teenage,10
questions,10
urban,10
donation,10
guidelines,10
nap,10
hurting,10
sudden,10
dreams,10
13,10
texting,10
orange,10
areas,10
remember,10
highest,10
hazards,10
surgical,9
spreading,9
dairy,9
antidepressants,9
smog,9
childbirth,9
touch,9
survive,9
mid,9
surgeries,9
infant,9
prescription,9
paracetamol,9
learning,9
schools,9
repair,9
cities,9
garlic,9
sweets,9
busy,9
fighting,9
traumatic,9
conditions,9
pose,9
international,9
bra,9
basics,9
remain,9
cycle,9
keeping,9
pm,9
development,9
acupuncture,9
behaviour,9
space,9
anger,9
wave,9
climate,9
planning,9
lunch,9
z,9
adopt,9
harms,9
lens,9
easier,9
bigger,9
embrace,9
becoming,9
penis,9
nails,9
gender,9
girl,9
treating,9
shrink,9
statins,9
useful,9
germs,9
dehydration,9
90,9
emotions,9
preventing,9
count,9
show,9
lessons,9
leaves,9
facebook,9
radiation,9
infertile,9
thin,9
sad,9
versus,9
reduced,9
botox,9
adhd,9
miss,9
fibre,9
physically,9
tool,9
breasts,9
form,9
seasonal,9
laser,9
according,9
changing,9
3d,9
thoughts,9
fry,9
wonder,9
model,9
puberty,9
arms,9
suicidal,9
come,9
athletes,9
olds,9
stones,9
strokes,9
guilt,9
vital,9
regulate,9
contraceptives,9
staying,9
inflammatory,9
needed,9
poisoning,9
sufferers,9
schizophrenia,9
monitor,9
chinese,9
deliver,9
alternative,9
case,9
moves,9
labels,9
juices,9
newborns,9
factors,9
sensitive,9
smoker,8
aches,8
patch,8
tells,8
tuberculosis,8
decoding,8
wearing,8
shocking,8
survival,8
wedding,8
indicate,8
ensure,8
excessive,8
skinny,8
difference,8
insurance,8
doc,8
soda,8
expectancy,8
factor,8
happier,8
potato,8
alcoholism,8
substitutes,8
therapies,8
lights,8
banned,8
modern,8
osteoarthritis,8
idea,8
sit,8
painkillers,8
hydrated,8
sense,8
stressful,8
lazy,8
dying,8
replace,8
glass,8
bladder,8
twitter,8
beyond,8
bodies,8
motherhood,8
indulge,8
leprosy,8
personal,8
daytime,8
abortion,8
loneliness,8
dr,8
cent,8
travelling,8
grey,8
rule,8
regularly,8
plate,8
cinnamon,8
sale,8
illnesses,8
walnuts,8
mins,8
lowering,8
diarrhoea,8
violence,8
appetite,8
acute,8
money,8
worsen,8
prefer,8
stretches,8
quitting,8
literally,8
supplement,8
prices,8
vinegar,8
hamper,8
kidneys,8
cocktail,8
eases,8
group,8
aerobics,8
disability,8
household,8
communicable,8
class,8
alter,8
voice,8
gadgets,8
debate,8
hearty,8
official,8
answer,8
seconds,8
shake,8
cures,8
carry,8
chemo,8
rural,8
crore,8
skip,8
itch,8
vulnerable,8
drivers,8
enhance,8
addict,8
difficult,8
jogging,8
pop,8
studies,8
healthiest,8
complex,8
lean,8
unusual,8
banish,8
available,8
marriage,8
calls,8
bananas,8
fab,8
sedentary,8
gel,8
bust,8
strengthen,8
condom,8
discovered,8
essentials,8
limit,8
fructose,8
chill,8
response,8
busting,8
wants,8
chennai,8
ejaculation,8
proteins,8
delivery,8
tight,8
arrest,8
24,8
1st,8
positions,8
acid,8
backache,8
arm,8
colour,8
grown,8
focus,7
trouble,7
car,7
twice,7
paralysis,7
cancerous,7
shift,7
treadmill,7
jump,7
pictorial,7
cocaine,7
chi,7
develops,7
college,7
intelligent,7
vaccination,7
nano,7
guy,7
17,7
matter,7
stage,7
pains,7
ads,7
spurt,7
believing,7
destress,7
tomorrow,7
wash,7
improving,7
abortions,7
probiotic,7
clear,7
conceive,7
vegetable,7
olympics,7
jobs,7
missing,7
race,7
alarming,7
potassium,7
period,7
superbugs,7
fights,7
near,7
market,7
recognise,7
knowing,7
honey,7
grapes,7
alone,7
country,7
omega,7
transmission,7
believe,7
washing,7
states,7
vit,7
typhoid,7
winters,7
trauma,7
harming,7
nail,7
flight,7
stretch,7
vegans,7
nearly,7
modi,7
sees,7
effectively,7
tai,7
content,7
create,7
magic,7
forever,7
steroid,7
feeding,7
spare,7
together,7
quickly,7
impair,7
spouse,7
jabs,7
soup,7
irregular,7
law,7
kolkata,7
glowing,7
chewing,7
multi,7
danger,7
semen,7
nothing,7
spray,7
frozen,7
extract,7
labour,7
deprivation,7
lab,7
friend,7
cognitive,7
number,7
circumcision,7
urine,7
mushrooms,7
ipl,7
vegetarians,7
aggression,7
plant,7
far,7
sexually,7
screen,7
contraception,7
viral,7
meds,7
knees,7
meditate,7
worry,7
donors,7
warns,7
bikini,7
lemon,7
inner,7
finally,7
brings,7
constipation,7
counting,7
national,7
dating,7
dieters,7
steroids,7
ten,7
scary,7
shopping,7
tops,7
wellness,7
salad,7
dishes,7
substitute,7
worldwide,7
wheat,7
improved,7
fears,7
victims,7
70,7
teas,7
addictive,7
synthetic,7
dads,7
ciggies,7
cleanse,7
veg,7
challenge,7
eyesight,7
attention,7
decide,7
lasting,7
pounds,7
blueberries,7
combination,7
tongue,7
lenses,7
defence,7
seek,7
peace,7
euthanasia,7
proof,7
complete,7
till,7
gurgaon,7
signal,7
pleasure,7
packs,7
hip,7
ear,7
trying,6
restore,6
hormonal,6
cannabis,6
helpful,6
phase,6
holidays,6
decay,6
goals,6
boosting,6
price,6
uses,6
spice,6
fiction,6
join,6
spreads,6
cheese,6
18,6
postures,6
teach,6
intelligence,6
caution,6
bedroom,6
monsoons,6
minister,6
shots,6
bollywood,6
production,6
process,6
adds,6
swear,6
ages,6
programme,6
digestive,6
option,6
40s,6
weekends,6
anymore,6
nutritious,6
brown,6
guard,6
foodie,6
motivate,6
ginger,6
forms,6
prove,6
superfood,6
experience,6
brush,6
zumba,6
wounds,6
butter,6
whey,6
globally,6
colorectal,6
facial,6
britain,6
toilet,6
banana,6
sites,6
overall,6
unhappy,6
summers,6
cereal,6
delicious,6
aerobic,6
ladies,6
extreme,6
date,6
unborn,6
marrow,6
transmitted,6
spring,6
academic,6
painless,6
chew,6
seriously,6
embarrassing,6
selfie,6
tackling,6
brisk,6
motivation,6
matters,6
colours,6
success,6
weed,6
someone,6
ab,6
diagnosed,6
moods,6
ruin,6
burns,6
spots,6
gastric,6
handful,6
sleepless,6
thought,6
core,6
curd,6
bod,6
toothpaste,6
faces,6
stamina,6
exams,6
dogs,6
surgeons,6
word,6
personalised,6
escape,6
facility,6
culture,6
seeks,6
groups,6
safer,6
shares,6
intervention,6
oats,6
muscular,6
student,6
peak,6
sensitivity,6
midnight,6
peer,6
breakthrough,6
flavour,6
condoms,6
pacemaker,6
regimen,6
hacks,6
adulthood,6
dancing,6
japanese,6
traditional,6
program,6
anorexia,6
loved,6
oily,6
continue,6
hangovers,6
smile,6
alcoholic,6
golden,6
painkiller,6
nutrients,6
block,6
wonders,6
polycystic,6
beans,6
war,6
finding,6
action,6
survivor,6
christmas,6
menopausal,6
trap,6
stand,6
vagina,6
mumbaikars,6
compound,6
dilemma,6
bloated,6
distress,6
bipolar,6
cramps,6
demand,6
hottest,6
wish,6
devices,6
affordable,6
un,6
approach,6
secondhand,6
cutting,6
finger,6
heartbeat,6
rage,6
psychiatric,6
scare,6
relieves,6
something,6
toddlers,6
via,6
saves,6
powerful,6
commit,6
induced,6
weak,6
hold,6
debunked,6
father,6
tend,6
moving,6
almonds,6
pregnancies,6
worsens,6
tissue,6
killed,6
reduction,6
hurt,6
counter,6
lies,6
lethal,6
support,6
fire,6
dentist,6
massages,6
concern,6
mantras,6
34,6
solution,6
hampers,6
popping,6
boobs,6
told,6
citizens,6
monitoring,6
pilates,6
preventable,6
beats,6
correct,6
western,6
confirmed,5
harder,5
eczema,5
sc,5
miscarriages,5
gay,5
reports,5
sleepy,5
listening,5
busters,5
shock,5
corporate,5
caused,5
menstruation,5
veggie,5
store,5
bedtime,5
nervous,5
nasal,5
place,5
famous,5
ac,5
town,5
fractures,5
machine,5
fussy,5
85,5
status,5
giving,5
replacement,5
toxins,5
shoulder,5
talks,5
pro,5
sneeze,5
hay,5
movement,5
ultrasound,5
curbs,5
sport,5
building,5
turned,5
rujuta,5
injectable,5
image,5
35,5
blunders,5
point,5
endometriosis,5
punjab,5
bill,5
icu,5
unaware,5
co,5
leukemia,5
mindful,5
zone,5
january,5
relapse,5
fibroids,5
yrs,5
mass,5
critical,5
ruining,5
thigh,5
equal,5
homeopathy,5
diary,5
gymming,5
files,5
predicts,5
peppers,5
neighbourhood,5
ago,5
jaundice,5
2020,5
starts,5
leg,5
plants,5
useless,5
wanted,5
gout,5
spicy,5
backs,5
kicking,5
leukaemia,5
beauty,5
words,5
outbreak,5
pangs,5
stigma,5
influences,5
kettlebell,5
swimming,5
deficient,5
sold,5
stretching,5
triple,5
cellulite,5
holds,5
therapeutic,5
strategies,5
fewer,5
universal,5
kin,5
begin,5
ancient,5
tip,5
created,5
directly,5
saliva,5
burden,5
perk,5
yes,5
syrup,5
65,5
raising,5
brit,5
trust,5
ignored,5
guru,5
gyms,5
across,5
rains,5
fact,5
nightmares,5
oncologists,5
warm,5
choice,5
dust,5
educated,5
height,5
changed,5
confirms,5
asleep,5
started,5
knock,5
flexible,5
seven,5
fridge,5
artery,5
pomegranate,5
animal,5
south,5
connection,5
opt,5
certain,5
language,5
growing,5
honking,5
panic,5
tablets,5
american,5
americans,5
overuse,5
instant,5
stores,5
swaps,5
zero,5
books,5
extend,5
surrogacy,5
zodiac,5
urges,5
ghee,5
measure,5
line,5
mini,5
weekly,5
safely,5
glasses,5
empty,5
asian,5
becomes,5
relationship,5
impairs,5
creative,5
present,5
onset,5
mum,5
fashion,5
hear,5
underweight,5
stops,5
helpline,5
tiny,5
ray,5
lancet,5
pasta,5
substance,5
roles,5
weird,5
2030,5
pancreas,5
soothe,5
done,5
craze,5
newborn,5
hyderabad,5
ahmedabad,5
controlling,5
crave,5
grocery,5
web,5
relationships,5
menace,5
mix,5
beetroot,5
cups,5
cooked,5
skipping,5
hollywood,5
freedom,5
psychological,5
shrinks,5
families,5
anxious,5
burger,5
checkups,5
cap,5
seafood,5
packaged,5
menu,5
samples,5
enhances,5
bites,5
killers,5
stock,5
tomato,5
chin,5
source,5
joints,5
style,5
mechanism,5
ultimate,5
tattoos,5
annually,5
ok,5
invasive,5
fake,5
ingredients,5
22,5
med,5
outcomes,5
mark,5
pool,5
breaking,5
pelvic,5
recipe,5
please,5
arsenic,5
genital,5
21,5
tale,5
trial,5
team,5
functional,5
rheumatoid,5
measures,5
clot,5
true,5
average,5
correctly,5
regime,5
dog,5
seen,5
goers,5
min,5
cherry,5
angioplasty,5
resist,5
mangoes,5
swim,5
burnout,5
pump,5
bringing,5
leafy,5
blamed,5
estrogen,5
education,5
facing,5
tested,5
hips,5
200,5
grief,4
flow,4
gap,4
genius,4
restaurant,4
massage,4
moderation,4
hectic,4
vera,4
homes,4
crash,4
pvt,4
dash,4
aims,4
peppermint,4
experiences,4
cola,4
whites,4
inside,4
masturbation,4
folks,4
stilettos,4
waistlines,4
barrier,4
large,4
weaker,4
software,4
spike,4
foreign,4
fuel,4
burners,4
mirror,4
keto,4
strain,4
tasty,4
upper,4
cow,4
gestational,4
saturated,4
capital,4
purpose,4
rescue,4
powers,4
miracle,4
similar,4
postmenopausal,4
30s,4
sunscreen,4
proper,4
nasty,4
conversation,4
seeking,4
portions,4
squats,4
freezing,4
lonely,4
chilli,4
countries,4
cry,4
rehab,4
lets,4
taller,4
partners,4
hookah,4
imbalance,4
wary,4
rabies,4
oxygen,4
cal,4
scan,4
dangers,4
bitter,4
provide,4
star,4
holistic,4
eater,4
perform,4
alcoholics,4
close,4
sec,4
kapoor,4
heatwave,4
restless,4
deadlier,4
peanut,4
conscious,4
infect,4
trips,4
following,4
beverages,4
angry,4
endurance,4
beautiful,4
haldi,4
trick,4
decade,4
undo,4
felt,4
humble,4
financial,4
lesbians,4
gums,4
intense,4
ankle,4
cornea,4
saving,4
parent,4
physiotherapy,4
cook,4
hazardous,4
spinach,4
july,4
norms,4
data,4
couple,4
allergic,4
question,4
attitude,4
harbour,4
recession,4
upset,4
shilpa,4
realise,4
editing,4
bloating,4
gays,4
crunches,4
discovery,4
x,4
necessary,4
dad,4
messages,4
foetus,4
fortified,4
striking,4
anywhere,4
offset,4
haryana,4
runner,4
launches,4
worried,4
fizzy,4
formula,4
corn,4
yearly,4
k,4
disturbances,4
towards,4
toothbrush,4
silence,4
errors,4
storage,4
associated,4
contagious,4
weigh,4
culprit,4
slash,4
transport,4
toast,4
comfortable,4
breaks,4
companies,4
pms,4
gains,4
viruses,4
fads,4
peanuts,4
transformation,4
campaign,4
means,4
wearable,4
b12,4
cherries,4
yo,4
shut,4
adulterated,4
stimulation,4
gambling,4
triples,4
hpv,4
sunshine,4
blocking,4
indoors,4
antioxidant,4
shower,4
tablet,4
portable,4
challenges,4
hc,4
2nd,4
creams,4
controls,4
filling,4
injured,4
candy,4
enemy,4
consider,4
promotes,4
diy,4
diwekar,4
chair,4
cider,4
overeat,4
grains,4
private,4
sunscreens,4
chemicals,4
happen,4
brought,4
reducing,4
declines,4
processed,4
salts,4
fittest,4
information,4
suffers,4
led,4
depressants,4
nod,4
designer,4
evening,4
remedy,4
screenings,4
rapid,4
controlled,4
prostrate,4
leaving,4
facilities,4
mystery,4
paunch,4
several,4
vein,4
breeding,4
33,4
pistachios,4
prenatal,4
dead,4
reboot,4
2014,4
spending,4
dips,4
safeguard,4
dies,4
misuse,4
victim,4
19,4
efforts,4
parties,4
chillies,4
barefoot,4
ratio,4
spiritual,4
marks,4
aqua,4
electronic,4
kind,4
ulcer,4
blindly,4
foetal,4
bihar,4
mat,4
counselling,4
dates,4
root,4
urge,4
ring,4
amount,4
completely,4
melanoma,4
wrinkles,4
pound,4
plans,4
negatively,4
challenged,4
gave,4
stars,4
sandwich,4
able,4
pumpkin,4
behavior,4
overdose,4
retirement,4
trimester,4
bleeding,4
acne,4
asia,4
surprisingly,4
learnt,4
impulsive,4
aloe,4
yoghurt,4
sculpted,4
chopra,4
uric,4
decisions,4
retinopathy,4
house,4
room,4
tools,4
practise,4
pets,4
mindfulness,4
toning,4
swapping,4
herb,4
ovary,4
reflux,4
venom,4
cocoa,4
bee,4
senior,4
mercury,4
explains,4
delayed,4
domestic,4
grave,4
pot,4
monkey,4
rush,4
defect,4
notifiable,4
36,4
switching,4
celiac,4
mice,4
fancy,4
adverse,4
olympic,4
map,4
cr,4
fathers,4
abnormal,4
gaining,4
khan,4
eradicate,4
activities,4
bald,4
caesarean,4
machines,4
suggests,4
squat,4
masked,4
main,4
bottles,4
oppi,4
taka,4
meow,4
mild,4
poop,4
prolong,4
slows,4
slowly,4
greens,4
april,4
classical,4
availability,4
pay,4
highly,4
incontinence,4
fine,4
watermelon,4
clothes,4
soul,4
couch,4
hide,4
surprise,4
comfort,4
conquer,4
probably,4
points,4
nice,4
pollutants,4
ldl,4
mushroom,4
n,4
implants,4
sans,4
scared,4
extremely,4
gardening,4
travellers,4
rio,4
trainers,4
project,4
medicinal,4
infected,4
cvd,4
chip,4
optimistic,4
waking,4
business,4
acids,4
plank,4
medications,4
inspired,4
thank,4
steady,4
sized,4
selling,4
asthmatic,4
nadda,4
odour,4
deworming,4
speak,4
fertile,4
cabbage,4
consume,4
placenta,4
ditch,4
encourage,4
route,4
expect,4
worrying,4
seniors,4
sector,4
lice,4
sight,4
rhythm,4
diagnosing,4
expectant,4
curing,4
salads,4
centres,4
principles,4
testing,4
hypnosis,4
packaging,4
rest,4
injurious,4
immunotherapy,4
shoe,4
win,4
checks,4
neem,4
obsessed,4
quirky,4
31,4
ranveer,4
drinkers,4
traits,4
intensity,4
ima,4
progression,4
door,4
ministry,3
london,3
bacterial,3
stopping,3
progress,3
hernia,3
bike,3
shifts,3
toxicity,3
weakens,3
interval,3
screened,3
constant,3
fillings,3
ipods,3
peel,3
generation,3
crazy,3
functioning,3
pass,3
yawn,3
looks,3
tag,3
visual,3
legal,3
sleepiness,3
fssai,3
concentrate,3
eliminate,3
fatter,3
berries,3
mixed,3
issue,3
parineeti,3
papaya,3
heartbreak,3
thrombosis,3
efficiently,3
baldness,3
opposite,3
surya,3
eid,3
guarantee,3
jaw,3
uterine,3
anaemia,3
vacations,3
motion,3
resolution,3
networking,3
pc,3
hooked,3
rain,3
pear,3
answers,3
temptation,3
effectiveness,3
spell,3
vaccinate,3
predicting,3
downs,3
offspring,3
window,3
scans,3
toys,3
dandruff,3
400,3
brushing,3
malaika,3
syrups,3
tracking,3
shortage,3
hitting,3
speed,3
protective,3
contaminated,3
namaskar,3
practice,3
neonatal,3
reproductive,3
tetanus,3
arterial,3
corns,3
reach,3
bat,3
recover,3
prompts,3
mountain,3
curse,3
detects,3
bionic,3
misconceptions,3
haunt,3
bmc,3
nerve,3
violent,3
masks,3
text,3
appendicitis,3
battling,3
paleo,3
talking,3
solutions,3
donations,3
autoimmune,3
stis,3
isolation,3
unicef,3
junkies,3
opens,3
sea,3
revealing,3
helped,3
55,3
persistent,3
awake,3
offices,3
infectious,3
avocado,3
combating,3
events,3
confusion,3
maggi,3
cover,3
esteem,3
largest,3
cranberry,3
jiffy,3
grades,3
bomb,3
runners,3
asians,3
psychotic,3
pace,3
cookies,3
earth,3
erase,3
son,3
fattening,3
withdrawal,3
stir,3
reversing,3
nights,3
bloat,3
decades,3
anaemic,3
yr,3
failed,3
various,3
reversed,3
affected,3
policies,3
maximum,3
intimate,3
panel,3
ineffective,3
biker,3
frame,3
tonight,3
position,3
agenda,3
worms,3
maple,3
begins,3
asks,3
retina,3
bathing,3
unlock,3
boring,3
successfully,3
insight,3
unfit,3
al,3
roll,3
asthmatics,3
department,3
constantly,3
curry,3
bias,3
males,3
cha,3
suppress,3
unlikely,3
starving,3
fenugreek,3
crack,3
clues,3
peas,3
yellow,3
worsening,3
succumb,3
targets,3
maintaining,3
willing,3
temperature,3
fastens,3
hyperactive,3
procedure,3
38,3
edible,3
outside,3
obstructive,3
thinner,3
portion,3
telangana,3
jetlag,3
onion,3
transplantation,3
cards,3
reliever,3
approves,3
trans,3
donor,3
adolescents,3
scheme,3
apples,3
explosion,3
launch,3
romantic,3
hypercholesterolemia,3
letting,3
residents,3
correction,3
alarm,3
likelier,3
bottle,3
psychosis,3
fluids,3
enthusiasts,3
tanning,3
relaxation,3
fearful,3
neurological,3
note,3
anorexic,3
41,3
genetically,3
spotlight,3
google,3
ipod,3
bored,3
debunk,3
picky,3
adequate,3
swings,3
oat,3
micro,3
scientist,3
carrots,3
flyers,3
radiotherapy,3
confined,3
reaches,3
crackers,3
speedy,3
unique,3
exclusive,3
smoothies,3
cuppa,3
precautions,3
engineering,3
43,3
transfer,3
technologies,3
ramadan,3
microcephaly,3
damages,3
instead,3
tinnitus,3
capsule,3
brides,3
exciting,3
crying,3
adolescence,3
tart,3
pee,3
clue,3
kiwifruit,3
brief,3
economy,3
unable,3
employees,3
failures,3
flying,3
mango,3
tube,3
antioxidants,3
nightmare,3
roy,3
mehta,3
fiber,3
speech,3
worth,3
midriff,3
utis,3
grind,3
severity,3
event,3
europe,3
postpartum,3
designed,3
dumb,3
blogs,3
buddy,3
falling,3
shaming,3
eve,3
structure,3
modest,3
videos,3
lying,3
mineral,3
revolutionary,3
hurts,3
containers,3
drowning,3
nehwal,3
bath,3
notes,3
drives,3
punch,3
chokes,3
doodh,3
monster,3
weaken,3
replacing,3
zap,3
claim,3
scalp,3
indulging,3
recommends,3
makeover,3
search,3
return,3
villain,3
mobiles,3
scents,3
repeat,3
desi,3
indicates,3
jog,3
magnesium,3
ii,3
virgin,3
determine,3
parts,3
coloured,3
lesser,3
lesions,3
dirty,3
stds,3
ry,3
kg,3
freaks,3
bugs,3
followed,3
runs,3
emotionally,3
vector,3
box,3
bonding,3
peripheral,3
emergencies,3
changer,3
indigestion,3
millions,3
variations,3
printed,3
buying,3
continues,3
shop,3
imported,3
capacity,3
schizophrenics,3
anything,3
fmt,3
practicing,3
length,3
purple,3
parenting,3
outdated,3
fails,3
insomniac,3
managing,3
pio,3
deafness,3
afternoon,3
licence,3
methods,3
asparagus,3
oz,3
outdoor,3
influenza,3
amazing,3
compassion,3
climbing,3
plums,3
kochi,3
fuelling,3
wipes,3
concerns,3
exposed,3
nov,3
professionals,3
timely,3
gracefully,3
prior,3
dressing,3
context,3
nitrogen,3
slimming,3
refreshing,3
boredom,3
daughters,3
concentration,3
heroin,3
flowers,3
dessert,3
trackers,3
upgrade,3
xmas,3
assess,3
sri,3
photo,3
links,3
transgender,3
bell,3
acting,3
experienced,3
transmit,3
cars,3
impacts,3
checklist,3
poll,3
telling,3
accident,3
delays,3
heel,3
disaster,3
shetty,3
poverty,3
dyslexia,3
hopes,3
places,3
pharma,3
vitiligo,3
asperger,3
fifth,3
alternatives,3
moments,3
horoscope,3
aarogyasri,3
compulsive,3
mandatory,3
cardiologist,3
beginner,3
motivated,3
sweetened,3
brainy,3
uterus,3
pine,3
careful,3
rituals,3
symptom,3
oxytocin,3
20s,3
debt,3
electrical,3
catching,3
colourful,3
alternate,3
tunnel,3
showers,3
musical,3
battled,3
approval,3
balding,3
regulates,3
3rd,3
ask,3
leptospirosis,3
promoting,3
wins,3
exist,3
2050,3
lie,3
celebrate,3
numbers,3
cons,3
stresses,3
fda,3
creativity,3
ceo,3
abnormalities,3
jaipur,3
swollen,3
consuming,3
fried,3
network,3
ball,3
requires,3
antibodies,3
flush,3
mornings,3
wait,3
passed,3
shy,3
cakes,3
homemade,3
elements,3
carpal,3
nurses,3
resume,3
december,3
chores,3
economic,3
occupational,3
firm,3
banks,3
midlife,3
enlargement,3
tree,3
hero,3
recurrence,3
gasping,3
activists,3
path,3
ms,3
karnataka,3
stays,3
physique,3
dip,3
demystifying,3
cadaver,3
odds,3
identifying,3
kate,3
sets,3
mri,3
anand,3
weighing,3
marathons,3
martial,3
relieving,3
chickenpox,3
iit,3
discuss,3
carbon,3
terms,3
inhalers,3
haemoglobin,3
match,3
goodbye,3
sunbathing,3
alertness,3
roundup,3
sanitary,3
prebiotics,3
drained,3
germany,3
distinct,3
impotence,3
ai,3
name,3
benign,3
faulty,3
stubborn,3
movies,3
parasite,3
preventive,3
districts,3
allow,3
looking,3
nations,3
campaigns,3
warming,3
greatest,3
herpes,3
known,3
reset,3
offing,3
metros,3
pattern,3
dont,3
pooch,3
vaping,3
lipstick,3
adversely,3
stimulates,3
abdominal,3
rajasthan,3
inherited,3
soak,3
bans,3
expecting,3
strawberries,3
inactive,3
stents,3
foul,3
bypass,3
gateway,3
determines,3
soap,3
kit,3
boxing,3
hiding,3
pros,3
paint,3
seat,3
cauliflower,3
toddler,3
transfusion,3
functions,3
assault,3
protection,3
october,3
74,3
marriages,3
psychotherapy,3
effortlessly,3
unwanted,3
regulation,3
spent,3
pep,3
click,3
bug,3
intensive,3
reactions,3
drops,3
yogic,3
coping,3
verbal,3
eradication,3
iphone,3
heres,3
fogging,3
roads,3
ketamine,3
gram,3
buds,3
rises,3
fate,3
vessels,3
mn,3
tendencies,3
strangers,3
noida,3
cleaning,3
celebrations,3
fold,3
confusing,3
bark,3
robotic,3
bisexuals,3
plays,3
suicides,3
treated,3
gift,3
chef,3
maths,3
cosmetics,3
worries,3
cope,3
diseased,3
nine,3
bulge,3
invisible,3
overtraining,3
bit,3
weapon,3
productivity,3
bank,3
absence,3
75,3
promises,3
remove,3
wild,3
twin,3
deaf,2
cartilage,2
blockage,2
draw,2
europeans,2
decrease,2
sections,2
suppresses,2
numerous,2
naps,2
exotic,2
least,2
sip,2
temperatures,2
atm,2
thumbs,2
karva,2
smelling,2
gloom,2
strenuous,2
label,2
bleach,2
access,2
furious,2
rejuvenation,2
index,2
spa,2
steal,2
tasks,2
mates,2
delhiites,2
108,2
association,2
yuvraj,2
hydrogen,2
gifting,2
threats,2
mummy,2
biodegradable,2
commandments,2
veganism,2
chain,2
snooze,2
tide,2
manhood,2
dystrophy,2
winner,2
nasa,2
intensify,2
impotent,2
exhausted,2
john,2
soybean,2
irritable,2
occasional,2
slip,2
america,2
guaranteed,2
iim,2
loud,2
lanka,2
toi,2
stain,2
grade,2
gorge,2
rev,2
elegance,2
edge,2
halve,2
metro,2
colas,2
maladies,2
seeing,2
celebrated,2
trampolining,2
obsessive,2
jerk,2
maybe,2
disabled,2
stave,2
bane,2
hopping,2
trendy,2
fond,2
coronary,2
detoxifying,2
scream,2
exhaustion,2
measles,2
toothache,2
thumb,2
wired,2
trade,2
juicy,2
compounds,2
raj,2
recent,2
sangram,2
thai,2
roti,2
flavoured,2
markets,2
increasingly,2
planet,2
couture,2
shorten,2
efficient,2
ate,2
workaholics,2
acupressure,2
yield,2
paper,2
crores,2
clotting,2
flag,2
amongst,2
booster,2
bangalore,2
lessen,2
contribute,2
opening,2
unlocked,2
underwear,2
pink,2
genetics,2
laced,2
immunise,2
blue,2
grain,2
sounds,2
relaxing,2
largely,2
lesson,2
names,2
programs,2
efficacy,2
flies,2
repercussions,2
twisting,2
capsules,2
harassment,2
horn,2
solve,2
pistorius,2
deliveries,2
reverses,2
quiet,2
football,2
placing,2
novak,2
inspiration,2
fibroid,2
knew,2
plague,2
degrees,2
decision,2
distinguishing,2
numbness,2
tough,2
biting,2
wont,2
smoothie,2
impacting,2
nurse,2
bond,2
pesticides,2
chief,2
supply,2
drinker,2
render,2
basmati,2
manufacturing,2
curvy,2
horrible,2
springs,2
boomers,2
jokes,2
dress,2
makhija,2
brett,2
abnormality,2
advise,2
offbeat,2
expected,2
battles,2
crime,2
baked,2
bodybuilding,2
quotes,2
celebrates,2
nausea,2
skincare,2
stone,2
deprive,2
opting,2
posterior,2
diego,2
blessing,2
rap,2
cracker,2
precision,2
copper,2
discomfort,2
beets,2
mastectomy,2
tongues,2
bitten,2
executives,2
djokovic,2
99,2
visit,2
popularity,2
aspirants,2
spiders,2
fixes,2
tiring,2
puffing,2
dampen,2
sprouts,2
wife,2
signify,2
probed,2
destroy,2
recorded,2
din,2
email,2
myopic,2
billion,2
formation,2
japan,2
napping,2
course,2
puneites,2
wall,2
cucumber,2
tourism,2
shakes,2
uncommon,2
viewers,2
bn,2
scanner,2
reported,2
spouses,2
evolution,2
surge,2
flatter,2
feed,2
salmon,2
net,2
statement,2
significance,2
pan,2
wearables,2
homeopath,2
terrors,2
vending,2
jeera,2
lifeline,2
vitro,2
80k,2
indeed,2
coach,2
prepared,2
goodness,2
nutritionists,2
ruined,2
explored,2
board,2
festivity,2
preserve,2
nutritionist,2
sandwiches,2
abilities,2
smokeless,2
memorial,2
else,2
sesame,2
ailing,2
temptations,2
gas,2
advisable,2
strongly,2
france,2
ingredient,2
beckham,2
inadequate,2
cheers,2
tyres,2
sessions,2
fungal,2
amul,2
stall,2
plates,2
healthily,2
rem,2
score,2
sores,2
avg,2
sweaty,2
incredible,2
behave,2
camera,2
deficit,2
diluted,2
atkins,2
vaccinations,2
sensor,2
avocados,2
weddings,2
sculpting,2
handling,2
contain,2
veil,2
transfusions,2
bowls,2
tasking,2
west,2
chairman,2
recharge,2
chamomile,2
tuning,2
transform,2
wheel,2
intermittent,2
expensive,2
smallpox,2
bungee,2
moon,2
elixir,2
feb,2
navratras,2
enjoying,2
thongs,2
beijing,2
lifts,2
ptsd,2
athletic,2
phantom,2
hate,2
pears,2
cleaners,2
expand,2
variety,2
gazing,2
modified,2
300,2
cig,2
cataracts,2
raspberries,2
stool,2
prolongs,2
rapidly,2
freehand,2
chord,2
select,2
sauces,2
bsf,2
welcome,2
temporary,2
tall,2
touching,2
bar,2
avert,2
rely,2
cheer,2
straight,2
halt,2
recurrent,2
readers,2
sell,2
girth,2
bird,2
hopeless,2
liquor,2
bubbles,2
outdoors,2
improvement,2
usually,2
examination,2
sparks,2
enhancing,2
cranberries,2
environment,2
km,2
twins,2
solving,2
calmer,2
aromatherapy,2
table,2
rooms,2
92,2
rein,2
thrice,2
stillbirths,2
citrus,2
stupid,2
clears,2
arts,2
subtle,2
donate,2
minds,2
sunburn,2
munching,2
fairness,2
regrets,2
hole,2
chance,2
films,2
grilled,2
reject,2
understand,2
took,2
postnatal,2
physio,2
serotonin,2
refrigerating,2
lunge,2
hug,2
r,2
weapons,2
speaking,2
injected,2
antibacterial,2
icmr,2
pacemakers,2
1990,2
army,2
recognition,2
juicing,2
copd,2
calluses,2
forgetful,2
dream,2
cleaner,2
restart,2
dancer,2
diagnostic,2
toes,2
doses,2
struggling,2
potency,2
imaging,2
revive,2
biosensor,2
aedes,2
donkey,2
illegal,2
schoolchildren,2
cloth,2
regimes,2
thalassemia,2
crunch,2
stressing,2
wise,2
wilson,2
thousand,2
differences,2
guilty,2
groom,2
toxin,2
dearth,2
behavioural,2
troubles,2
driver,2
transfers,2
chips,2
hoarding,2
wheels,2
uicide,2
asked,2
embryo,2
breed,2
deepika,2
kareena,2
company,2
prolonged,2
prison,2
elimination,2
recreational,2
obsession,2
local,2
ravi,2
removing,2
cereals,2
prevented,2
wealth,2
apnoea,2
vogue,2
advances,2
maharashtra,2
surveillance,2
posts,2
lee,2
movember,2
aquacises,2
flaxseed,2
heath,2
amnesia,2
pushes,2
manners,2
institute,2
fetuses,2
pepper,2
teachers,2
cramp,2
snores,2
persist,2
styles,2
regenerate,2
agony,2
drill,2
anaesthesia,2
planks,2
abort,2
scam,2
hourly,2
excuses,2
wander,2
fungus,2
serve,2
gastroenteritis,2
productive,2
cholera,2
ahead,2
pokemon,2
cybersickness,2
eradicated,2
specialist,2
singles,2
kidding,2
angerous,2
enzyme,2
cleansing,2
debut,2
microgreens,2
freelancers,2
sweetener,2
airport,2
minimalist,2
caring,2
button,2
advanced,2
freeze,2
augmentation,2
appear,2
nomophobia,2
succeed,2
injections,2
l,2
backaches,2
brave,2
gentler,2
disrupts,2
jitters,2
structures,2
sunday,2
noisiest,2
anyone,2
magnifying,2
worn,2
deteriorates,2
differentiate,2
chromium,2
fill,2
sweating,2
sane,2
unclear,2
scares,2
blanket,2
searching,2
wrist,2
reviving,2
husband,2
knitting,2
leap,2
48,2
soybeans,2
drones,2
winks,2
beetroots,2
insect,2
usage,2
lover,2
spiritually,2
february,2
fullness,2
decides,2
daughter,2
microwave,2
guests,2
prepone,2
difficulties,2
advocate,2
biopsy,2
went,2
lethargy,2
saw,2
mars,2
undergo,2
brink,2
hdl,2
cpr,2
discrimination,2
costlier,2
yummy,2
robot,2
prevalence,2
handwriting,2
strains,2
atorvastatin,2
60s,2
tuesday,2
random,2
saffron,2
therapist,2
considered,2
dangerously,2
adolescent,2
kettlebells,2
flatulence,2
roots,2
starve,2
anemia,2
seizure,2
vitality,2
blocked,2
sridevi,2
writer,2
cooling,2
account,2
ibuprofen,2
pakistan,2
embryos,2
shorter,2
festival,2
perfectly,2
clogged,2
sample,2
primary,2
kenya,2
chubby,2
61,2
trivia,2
divorce,2
rolled,2
needless,2
dizzy,2
react,2
surviving,2
declare,2
barbeque,2
wiped,2
mondays,2
gulp,2
sweeten,2
crawling,2
crohn,2
gingivitis,2
tap,2
blockers,2
incense,2
beating,2
knowledge,2
tricking,2
ignoring,2
dandiya,2
concept,2
entrepreneur,2
toilets,2
assisted,2
pig,2
walks,2
42,2
roadside,2
preparing,2
oldest,2
loses,2
uncovered,2
v,2
dryness,2
enriched,2
occur,2
soaps,2
odours,2
sleepers,2
sensation,2
villages,2
enforce,2
affair,2
boss,2
jan,2
quantity,2
sticks,2
rai,2
policy,2
mogre,2
lap,2
cavities,2
blink,2
tracker,2
signals,2
veins,2
order,2
fatherhood,2
stages,2
bootcamp,2
mint,2
complaints,2
chart,2
150,2
mathematical,2
remote,2
pledge,2
abused,2
cheating,2
troubled,2
kiwi,2
founder,2
wishes,2
fog,2
ride,2
naturopathy,2
unnecessary,2
website,2
afraid,2
congenital,2
premenstrual,2
hereditary,2
wheelchair,2
annual,2
doubled,2
hookahs,2
nude,2
bacon,2
feasting,2
antidote,2
simpler,2
parental,2
receive,2
accurately,2
birds,2
lunchbox,2
beds,2
earache,2
vicks,2
choking,2
canteen,2
bathroom,2
oscar,2
survives,2
blast,2
munch,2
loudspeakers,2
thyme,2
pubic,2
2025,2
delivered,2
regulator,2
cluster,2
gourd,2
prediction,2
tossing,2
performed,2
along,2
unclean,2
kinds,2
abscess,2
wisely,2
heartbeats,2
aarti,2
november,2
alive,2
africa,2
khanna,2
visiting,2
flabby,2
overcoming,2
revenge,2
god,2
yolk,2
sania,2
rejuvenates,2
specific,2
rediscover,2
101,2
breakdown,2
itchy,2
wanna,2
leaf,2
arora,2
vegetarianism,2
dreaming,2
cavity,2
beta,2
dispelling,2
revolution,2
gifts,2
peril,2
punjabi,2
desserts,2
systems,2
dvt,2
headphones,2
hairfall,2
anytime,2
bags,2
smiling,2
mend,2
needle,2
forlan,2
stair,2
dried,2
additive,2
leena,2
tibetan,2
bean,2
celeb,2
conception,2
morphine,2
helping,2
nagging,2
intolerance,2
session,2
employee,2
met,2
weighty,2
deadline,2
staff,2
eco,2
sharpen,2
charcoal,2
trials,2
ing,2
microbes,2
huge,2
ginkgo,2
oldies,2
reward,2
emerge,2
luscious,2
whiteners,2
backward,2
artichokes,2
trai,2
ado,2
actors,2
masala,2
rats,2
lift,2
scams,2
scientific,2
quarter,2
combinations,2
napkins,2
erratic,2
accurate,2
prey,2
satisfaction,2
liquid,2
frequently,2
crippling,2
valentine,2
cse,2
biryani,2
sibling,2
overload,2
undiagnosed,2
fertilise,2
conceal,2
sync,2
result,2
chemists,2
handy,2
cos,2
raised,2
larger,2
describes,2
hale,2
proven,2
pollen,2
standards,2
society,2
barley,2
generations,2
slept,2
recovering,2
encephalitis,2
sexier,2
carbohydrates,2
swears,2
evere,2
pathogens,2
sons,2
savvy,2
built,2
asthama,2
accent,2
yogis,2
haves,2
gloomy,2
ayush,2
falls,2
mickey,2
especially,2
implantable,2
soups,2
moody,2
drowsy,2
grows,2
buddhist,2
abroad,2
relish,2
powerhouse,2
inch,2
purifiers,2
raita,2
easiest,2
retain,2
boy,2
cesarean,2
brazil,2
disposable,2
floor,2
philosophy,2
retention,2
weighted,2
ridiculous,2
spaghetti,2
abusers,2
dear,2
nipah,2
breathes,2
anant,2
cube,2
nanoparticles,2
monkeys,2
cleanliness,2
code,2
quickest,2
canola,2
sinusitis,2
flushes,2
chilling,2
prickly,2
extended,2
kitchens,2
paves,2
bokwa,2
interaction,2
noisy,2
proved,2
detected,2
eats,2
predictor,2
stopped,2
lovers,2
practical,2
volume,2
impaired,2
snorers,2
socialising,2
filter,2
permanently,2
sometimes,2
balanced,2
coded,2
poison,2
pooja,2
bingeing,2
promiscuity,2
colds,2
ecstasy,2
deformities,2
heatstroke,2
unprotected,2
stiff,2
bioactive,2
noodles,2
colgate,2
silverstone,2
fertilisation,2
movie,2
called,2
hiking,2
gases,2
hypnotherapy,2
gujaratis,2
highway,2
already,2
svelte,2
gained,2
casual,2
june,2
permanent,2
vipr,2
circulation,2
bran,2
bottom,2
gerd,2
chauth,2
fatigued,2
whitening,2
joining,2
pasteurized,2
bullying,2
tata,2
races,2
initiative,2
peach,2
roadblock,2
contest,2
seed,2
vertigo,2
coated,2
languages,2
alicia,2
stools,2
clinics,2
relevant,2
seems,2
destination,2
grump,2
daydreaming,2
riskier,2
laughing,2
shingles,2
strengthens,2
flashes,2
meningitis,2
cataract,2
craves,2
onions,2
recall,2
dinners,2
sandbag,2
moles,2
spaces,2
ears,2
sunglasses,2
coke,2
cellphone,2
inactivity,2
error,2
overfat,2
liars,2
pineapple,2
pretty,2
expertise,2
court,2
flash,2
freebies,2
sms,2
protected,2
pole,2
records,2
scores,2
era,2
pandemic,2
kissing,2
bosom,2
lip,2
neurons,2
ticking,2
introduce,2
cochlear,2
mutations,2
density,2
threatening,2
final,2
reshapes,2
pint,2
tweets,2
lactose,2
trim,2
expired,2
communities,2
practices,2
booty,2
substitutions,2
bengalureans,2
preservative,2
aggravate,2
localities,2
wolverine,2
degeneration,2
riser,2
pools,2
immunization,2
grab,2
misleading,2
tentacles,2
fixing,2
shelves,2
damaging,2
rhinitis,2
fetal,2
paying,2
motivates,2
250,2
pedometer,2
recommended,2
lists,2
pizzas,2
sodium,2
actor,2
gaming,2
posh,2
entering,2
robots,2
homoeopathy,2
playlist,2
discover,2
shapely,2
feelings,2
cycles,2
stimulant,2
setting,2
traumas,2
calf,2
washboard,2
quitters,2
rosacea,2
decode,2
salty,2
waves,2
record,2
santa,2
puja,2
boyfriend,2
songs,2
prescriptions,2
28,2
cautious,2
mithai,2
67,2
gm,2
environmental,2
bellies,2
57,2
knife,2
owls,2
dull,2
rat,2
rosemary,2
sensual,2
mexican,2
chromosome,2
british,2
direction,2
cat,2
hairy,2
grips,2
airborne,2
russia,2
kiss,2
erection,2
view,2
adapts,2
natal,2
600,2
2019,2
minerals,2
embarrass,2
invest,2
tripathi,2
oes,2
hook,2
bend,2
crab,2
twist,2
notice,2
sniff,2
u,2
hampering,2
hyderabadis,2
lots,2
emerges,2
ct,2
kim,2
varicose,2
advises,2
recommend,2
value,2
bag,2
consequences,2
popcorn,2
tastes,2
left,2
rota,2
genome,2
nadu,2
bathtub,2
grandparents,2
display,2
oregano,2
fearlessly,2
hoop,2
negates,2
alpha,2
convincing,2
antacids,2
heeled,2
strikes,2
middleton,2
cans,2
industry,2
negativity,2
tempting,2
baba,2
almond,2
weightloss,2
interventions,2
tighten,2
dukan,2
dodge,2
fixed,2
pediatric,2
hazard,2
macho,2
dining,2
packing,2
elbow,2
edit,2
chai,2
socks,2
everybody,2
engaging,2
selenium,2
uper,2
hemophilia,2
hypnic,2
breakfasts,2
horror,2
2005,2
extracts,2
mere,2
housework,2
stairs,2
arrhythmias,2
expose,2
hula,2
cannot,2
valve,2
adversity,2
hell,2
haze,2
scars,2
club,2
hi,2
scale,2
tamil,2
whatsapp,2
fetus,2
origin,2
intensifies,2
hydration,2
lifting,2
harmless,2
unaids,2
swap,2
monthly,2
curcumin,2
operating,1
puffs,1
heading,1
rude,1
fdc,1
erotic,1
hydrogel,1
malnourished,1
joined,1
bras,1
shisha,1
boutique,1
emoji,1
shamita,1
variation,1
eateries,1
eadly,1
culprits,1
chaotic,1
residues,1
617,1
traces,1
brittle,1
douche,1
closes,1
indulgance,1
corex,1
phelps,1
assist,1
fuller,1
passion,1
bangaloreans,1
distractions,1
retardation,1
bottling,1
lonesome,1
uniquely,1
psychiatrists,1
replenish,1
troke,1
resorting,1
spells,1
bizarrest,1
champagne,1
absolute,1
vapours,1
rethink,1
barc,1
metallic,1
varies,1
delivering,1
hatha,1
iscovered,1
raspberry,1
lubricants,1
plyometrics,1
barbequed,1
depressing,1
shamed,1
olympian,1
hanxiety,1
customised,1
paoli,1
insemination,1
heated,1
vihar,1
bracelets,1
shapewear,1
highs,1
neglect,1
jasna,1
etox,1
joyous,1
ruskin,1
56,1
evade,1
altitude,1
depress,1
workshop,1
transient,1
spoilers,1
buildings,1
manufactured,1
prime,1
pumpkins,1
domain,1
fool,1
pampered,1
toe,1
victory,1
spoilsport,1
spit,1
alike,1
mar,1
doodle,1
gaps,1
squatting,1
underwater,1
hotels,1
dvds,1
magnets,1
mostly,1
outsourcing,1
heartbreaks,1
nerd,1
stereotypes,1
native,1
funds,1
tuck,1
performs,1
fecal,1
jodhpur,1
experiment,1
pankaja,1
northeast,1
binging,1
markers,1
ballerina,1
burkha,1
pottery,1
cracking,1
polling,1
solved,1
cleaned,1
97,1
spider,1
platform,1
nanotube,1
debunking,1
innovation,1
modifications,1
pfizer,1
pharmacy,1
community,1
uninhibited,1
responses,1
performers,1
prostates,1
zuu,1
monks,1
original,1
techies,1
identity,1
standing,1
spectacle,1
megacities,1
defeat,1
swirl,1
lateef,1
lapses,1
hoarder,1
loaded,1
lashing,1
leenesh,1
118,1
breaches,1
example,1
craig,1
boxers,1
decaf,1
licking,1
thursday,1
mall,1
chutney,1
shortens,1
strike,1
hypnobirthing,1
couches,1
syndromes,1
roses,1
heterosexual,1
shortness,1
sameera,1
restores,1
substances,1
bharat,1
windy,1
freshening,1
prints,1
hefty,1
thandai,1
lettuce,1
angels,1
trained,1
rated,1
accelerate,1
walkers,1
garnish,1
gastroesophageal,1
hungrier,1
phobia,1
winning,1
lime,1
brighten,1
perfume,1
melons,1
invincible,1
milky,1
indicators,1
brazilian,1
interpret,1
benchmarks,1
cling,1
anonymity,1
bengaluru,1
hacking,1
logy,1
joshi,1
edamame,1
undies,1
uneasy,1
illusion,1
cuppas,1
patrollers,1
transit,1
shankar,1
nobody,1
chd,1
etched,1
ganja,1
rabbit,1
offensive,1
pickup,1
temp,1
agent,1
targeting,1
81,1
fragrances,1
ragas,1
york,1
kumar,1
bidis,1
harbouring,1
persons,1
panels,1
vertebroplasty,1
movements,1
roach,1
ed,1
anniversary,1
groundwater,1
devastating,1
secretly,1
coagulation,1
spree,1
divided,1
dissolving,1
figured,1
snorting,1
ribcage,1
bengal,1
dentures,1
calling,1
rock,1
vte,1
wonderful,1
courage,1
stressbusters,1
microbial,1
neighbour,1
interruptions,1
uplift,1
shave,1
owner,1
underlying,1
sleepwalkers,1
rollers,1
perfromace,1
fed,1
boosters,1
sorry,1
cystic,1
executive,1
sundry,1
metres,1
clinic,1
grandma,1
hock,1
slices,1
varieties,1
emit,1
liberation,1
monotasking,1
ipad,1
quicken,1
millet,1
lateral,1
twitching,1
ellie,1
jewellery,1
irritant,1
ninja,1
womanly,1
nothings,1
emergence,1
mud,1
obstacles,1
injection,1
ciggy,1
mephedrone,1
corrode,1
inability,1
dancers,1
tanks,1
58,1
ensures,1
beverage,1
warmer,1
nordic,1
darkness,1
appearance,1
8l,1
hungama,1
iceman,1
shovel,1
festivals,1
shui,1
decibels,1
hosps,1
crackdown,1
fundas,1
furry,1
officers,1
allows,1
leisure,1
rays,1
mci,1
doomsday,1
vasectomy,1
circuits,1
biking,1
paste,1
makers,1
allowing,1
dabba,1
hypochondriasis,1
confirm,1
joblessness,1
renal,1
birthmarks,1
yomad,1
medicating,1
jaura,1
veterinarians,1
temer,1
cringe,1
mick,1
standup,1
blinded,1
angelina,1
midwifery,1
graphics,1
worked,1
runny,1
fluid,1
ritual,1
summertime,1
specializing,1
destinations,1
fainting,1
festivities,1
climbed,1
arrives,1
dwarf,1
nsaids,1
donating,1
el,1
tribals,1
excl,1
dylipidemia,1
thwart,1
mary,1
nicole,1
expense,1
plenty,1
tribe,1
reusing,1
biochip,1
burdens,1
tubs,1
endless,1
survived,1
bet,1
creator,1
breadwinner,1
mojo,1
pooches,1
patches,1
informed,1
asking,1
mouldy,1
spatial,1
unsweetened,1
olid,1
handheld,1
gaga,1
pcod,1
somewhat,1
fumes,1
union,1
penile,1
biopsies,1
expenditure,1
scientifically,1
sandhya,1
unwell,1
requirements,1
spirit,1
calisthenics,1
repellent,1
gymnastics,1
71,1
eatery,1
seasoned,1
healthiness,1
umbilical,1
pints,1
royal,1
tum,1
2026,1
promising,1
northern,1
transparent,1
daddys,1
michel,1
misdiagnosis,1
radar,1
coverage,1
dictate,1
frustrations,1
produce,1
raageshwari,1
suppressing,1
21st,1
diluting,1
lake,1
nashikites,1
base,1
ugar,1
bachchan,1
controversial,1
antiseptic,1
stub,1
missteps,1
keys,1
shattered,1
enabled,1
hydrate,1
wind,1
gen,1
likes,1
criticise,1
weights,1
beto,1
hospitalizations,1
journaling,1
taboos,1
websites,1
rajesh,1
customs,1
compulsory,1
noidawallahs,1
discipline,1
rithvik,1
dipping,1
stalker,1
area,1
bury,1
gaffes,1
das,1
strategy,1
lacking,1
mouse,1
pancakes,1
counts,1
circumference,1
jamun,1
noses,1
beings,1
held,1
cushion,1
facemasks,1
neuroma,1
anganwadi,1
jazz,1
cue,1
seasons,1
padmavati,1
mega,1
untold,1
organisations,1
echoes,1
wandering,1
stable,1
castor,1
honk,1
cracked,1
supercar,1
sharma,1
throw,1
joke,1
dutta,1
saunter,1
unhygienic,1
kushti,1
edm,1
pipeline,1
android,1
germicides,1
crowded,1
possibility,1
salons,1
brunch,1
bisexual,1
makeups,1
hybrid,1
curtail,1
havoc,1
inhaler,1
silver,1
tabata,1
rocks,1
evolved,1
schiffer,1
slum,1
sloth,1
wring,1
tricked,1
breached,1
processes,1
okay,1
dryers,1
fernandes,1
stood,1
delirium,1
ganga,1
gesture,1
oneself,1
nagpur,1
socialise,1
towers,1
pushed,1
details,1
fudge,1
holding,1
unknown,1
physiological,1
turbulent,1
pepsico,1
saturdays,1
petworking,1
biscuit,1
ditching,1
prescribing,1
printer,1
settle,1
hardest,1
sexualities,1
feminine,1
outlook,1
fade,1
forks,1
ailment,1
converting,1
gonorrhoea,1
hong,1
married,1
hygienic,1
romanticise,1
sirtfood,1
resisting,1
peaceful,1
absorbing,1
sehwag,1
precipitates,1
severely,1
slower,1
gaurav,1
disgusting,1
balani,1
abstract,1
ambani,1
propose,1
prepare,1
operated,1
outgrow,1
dailymile,1
flowing,1
cimap,1
overtake,1
bhandari,1
aphrodisiac,1
acro,1
gallstones,1
expiring,1
ominous,1
ananth,1
creamy,1
distance,1
briefcase,1
344,1
betray,1
adjustments,1
niffs,1
australian,1
70s,1
simply,1
160,1
homophobia,1
pacer,1
blindfold,1
seas,1
rashes,1
electrolytes,1
expanding,1
fifteen,1
khichdi,1
dioxide,1
chandra,1
speechless,1
restricts,1
amid,1
forgetfulness,1
compromises,1
daal,1
impending,1
thyself,1
jiyo,1
manageable,1
required,1
carrot,1
lease,1
masculine,1
wallet,1
dehydrated,1
behaviours,1
pds,1
torso,1
sheets,1
refreshers,1
narcotic,1
marathoners,1
yogi,1
asthmamap,1
10mins,1
firstborns,1
handsome,1
sauntering,1
spotting,1
lube,1
spade,1
uperbugs,1
headrest,1
acquired,1
copy,1
bala,1
ngt,1
noon,1
cuba,1
deol,1
bmis,1
scarcity,1
adapt,1
unconventional,1
averting,1
ganging,1
raging,1
1947,1
bruxism,1
zapping,1
graphene,1
tweaking,1
majors,1
performing,1
singhania,1
worm,1
investment,1
surgeon,1
punjabis,1
identification,1
peyronie,1
widens,1
shield,1
dimples,1
chandigarh,1
efficiency,1
prescribed,1
treament,1
saarc,1
sweeter,1
afflicts,1
cardiologists,1
pleased,1
publish,1
tweaks,1
ridding,1
viable,1
filets,1
host,1
glycaemic,1
navaratra,1
loose,1
necessity,1
wetting,1
varsity,1
radically,1
oubles,1
khana,1
sicken,1
journey,1
silently,1
bhagwat,1
writing,1
expiry,1
features,1
colors,1
plateau,1
blunt,1
psyche,1
backpacks,1
cortisol,1
willow,1
biloba,1
mite,1
theatre,1
slimmest,1
failing,1
hut,1
bharosa,1
chernobyl,1
soaking,1
deleting,1
pinky,1
materialise,1
shrinking,1
hyperpigmentation,1
chili,1
midday,1
sustain,1
shibani,1
hardly,1
chianti,1
bio,1
coolness,1
freeman,1
lozenge,1
insects,1
bittersweet,1
taken,1
ceos,1
9pm,1
glut,1
valneva,1
pure,1
korea,1
pressed,1
laden,1
substantial,1
texture,1
pedal,1
abstain,1
neat,1
aneurysms,1
hum,1
mucosal,1
babu,1
endovascular,1
aztec,1
jacqueline,1
opts,1
vacuuming,1
isolated,1
mulling,1
dwindling,1
bulky,1
ho,1
spared,1
applauds,1
germ,1
mindless,1
epidemics,1
plasma,1
2500,1
andropause,1
declining,1
lifelike,1
24hrs,1
alarmed,1
fines,1
gouda,1
cpcb,1
skill,1
44,1
tab,1
roasties,1
buffs,1
hog,1
helmet,1
woe,1
treatable,1
registry,1
sting,1
cv,1
overfeed,1
cloud,1
ligaments,1
fulfilling,1
slips,1
neuropathic,1
extending,1
risen,1
keshav,1
ballet,1
drought,1
thighbrow,1
deterioration,1
misled,1
overstimulation,1
perception,1
prolonging,1
pinpoint,1
nanotherapy,1
dumps,1
grim,1
illegally,1
microbiome,1
myopia,1
chorus,1
willpower,1
hallucinations,1
address,1
waging,1
blogger,1
engineered,1
cute,1
sharman,1
origami,1
partum,1
lows,1
neighbourhoods,1
geri,1
manipal,1
journal,1
pathlab,1
desperately,1
ins,1
barriers,1
river,1
grace,1
covered,1
216,1
carrier,1
unveils,1
subject,1
ke,1
angina,1
hardens,1
soaked,1
conducted,1
synthesis,1
iyengar,1
toasties,1
desirable,1
coat,1
goths,1
rounds,1
ginseng,1
milkshakes,1
runkeeper,1
otc,1
apelin,1
conditioning,1
31st,1
bpl,1
sarson,1
product,1
manganism,1
chest,1
trees,1
clinical,1
emotionsl,1
radioactive,1
uncover,1
meant,1
implemeted,1
pandemics,1
center,1
triumph,1
compete,1
strange,1
birthmark,1
ccg,1
roopak,1
excuse,1
433000,1
wrongly,1
removal,1
embarrassed,1
stroll,1
notox,1
silambam,1
lottery,1
newest,1
ark,1
alfresco,1
gynecologic,1
minimally,1
unseen,1
showdown,1
follows,1
drugging,1
violin,1
boil,1
steep,1
vacuum,1
neuroticism,1
aerial,1
charities,1
adding,1
59,1
leanest,1
believed,1
protocol,1
combine,1
income,1
flaunt,1
cation,1
jobbymoon,1
borrowing,1
spurts,1
pmo,1
perspiration,1
5cr,1
cave,1
spurs,1
shortages,1
restaurants,1
cellular,1
confidence,1
perfectionism,1
bats,1
matcha,1
bake,1
poorer,1
bowels,1
peptide,1
craziest,1
durga,1
lifestyles,1
alia,1
fingertips,1
dissolves,1
cookie,1
branding,1
weaning,1
amplify,1
comparison,1
barking,1
archery,1
inaccuracies,1
affection,1
message,1
rejection,1
consolidates,1
seizures,1
adieu,1
exploring,1
messy,1
outperforms,1
gallop,1
maga,1
stuck,1
establish,1
moisturisers,1
ignorance,1
avoids,1
groove,1
stiletto,1
mangosteen,1
strawberry,1
dumbbell,1
pollute,1
elder,1
costliest,1
fasts,1
uttarakhand,1
sen,1
verdict,1
unlocking,1
bangladesh,1
ordinary,1
corneal,1
mutate,1
relievers,1
conglomerate,1
consequence,1
mammography,1
moneer,1
scratch,1
fraction,1
bimaru,1
pharmacovigilance,1
caught,1
reflection,1
express,1
pradeep,1
august,1
signatures,1
enzymes,1
itching,1
steer,1
mcdonaldised,1
inaugurates,1
sexsomnia,1
battery,1
neurotic,1
38th,1
clots,1
sponsible,1
jam,1
gps,1
beaten,1
intestinal,1
fund,1
evils,1
visualization,1
bedding,1
silky,1
restrooms,1
cme,1
malana,1
ramdev,1
pranayams,1
indicator,1
unwashed,1
pv,1
nandita,1
ngo,1
racism,1
ophthalmologists,1
handles,1
thirst,1
whiners,1
asana,1
virat,1
multivitamins,1
potion,1
namaste,1
2yrs,1
minimises,1
stories,1
99pc,1
longivity,1
fourth,1
ncr,1
malady,1
vying,1
underway,1
sidewalks,1
quietest,1
paks,1
hysterectomy,1
mh370,1
eric,1
malini,1
shaped,1
adjustable,1
lol,1
gupta,1
shoping,1
brands,1
fluctuating,1
mommy,1
decibel,1
imbalances,1
macro,1
shall,1
ulnar,1
rehabilitation,1
perceived,1
optimists,1
jute,1
doom,1
radiologists,1
bracket,1
ruthless,1
frail,1
schoolbag,1
dam,1
fi,1
prize,1
mythological,1
judge,1
questioned,1
sonali,1
infused,1
aug,1
academics,1
courses,1
channelise,1
chakraborty,1
mithali,1
vary,1
curiosity,1
rash,1
jealousy,1
vigorous,1
concierge,1
abreast,1
widows,1
spirits,1
mattoo,1
sanofi,1
tattoo,1
imagination,1
arousal,1
incentives,1
mohit,1
seemingly,1
insights,1
sistance,1
sustainable,1
write,1
advantages,1
advised,1
insane,1
examine,1
urged,1
shout,1
thread,1
drilling,1
sober,1
enthusiast,1
ex,1
repeated,1
pathway,1
unplug,1
guys,1
mulls,1
embark,1
demography,1
assists,1
prescribe,1
enters,1
hayat,1
forest,1
sethi,1
inspirational,1
bright,1
powerless,1
sellers,1
sour,1
rebuild,1
bulimia,1
compare,1
tendency,1
rogue,1
etiquettes,1
sometime,1
volumes,1
skimmed,1
feng,1
responding,1
csi,1
eureka,1
globe,1
hiit,1
130,1
maheshwari,1
luck,1
undernutrition,1
goodies,1
91,1
std,1
nephrologist,1
suspected,1
marinating,1
fagging,1
nearsightedness,1
amputee,1
avian,1
consult,1
mats,1
curable,1
tinier,1
actual,1
jenny,1
curries,1
golfers,1
dragon,1
chana,1
reversal,1
platter,1
dizziness,1
sonopuncture,1
inappropriate,1
dyeing,1
gestures,1
advancements,1
watery,1
youre,1
hoggers,1
jabong,1
impress,1
cements,1
memorize,1
halotherapy,1
proposed,1
belts,1
activates,1
detergents,1
false,1
tubborn,1
st,1
30l,1
tiffin,1
proud,1
etiquette,1
drinkable,1
analogue,1
microfinance,1
realities,1
maharashtrians,1
heroes,1
sufficient,1
dual,1
discarded,1
glucan,1
bulking,1
micronutrients,1
officially,1
energetic,1
exceptionally,1
notifications,1
weakness,1
gray,1
camels,1
pradesh,1
untreatable,1
integrative,1
tennis,1
tumor,1
amit,1
daydream,1
resynchronization,1
detoxify,1
paltrow,1
maha,1
dmas,1
cessation,1
fart,1
pushing,1
fishy,1
framework,1
rolls,1
dill,1
intercourse,1
heartwise,1
gynaecological,1
percutaneous,1
kinder,1
nutrient,1
ludhiana,1
analysis,1
candid,1
joyful,1
burned,1
shah,1
sending,1
flavor,1
brelfies,1
rides,1
genomes,1
ingestible,1
narayanan,1
ancients,1
evelyn,1
annoys,1
lara,1
foam,1
jeopardise,1
ecg,1
clever,1
alters,1
toughen,1
whilst,1
3000,1
sodas,1
helplines,1
32,1
devised,1
callers,1
afer,1
barbecued,1
ruins,1
karma,1
smokes,1
thanksgiving,1
jock,1
camel,1
sprinters,1
either,1
waterpipe,1
munchies,1
tremendous,1
reframe,1
waiver,1
favour,1
lithium,1
piping,1
surfaces,1
loaf,1
retaining,1
renew,1
iced,1
penalty,1
112,1
gobble,1
experimenting,1
odisha,1
menus,1
instagram,1
hibiscus,1
boundaries,1
cadwhat,1
tandoori,1
metals,1
hotting,1
zinc,1
garment,1
warned,1
beneficiaries,1
buttocks,1
carer,1
teething,1
grant,1
lawyers,1
industrial,1
deeper,1
malaysia,1
pumping,1
admission,1
geriatric,1
handed,1
bottled,1
village,1
risking,1
zumbatomics,1
labs,1
generate,1
mohan,1
1999,1
companions,1
burza,1
broth,1
vio,1
guiltiness,1
800,1
kaif,1
angular,1
objects,1
samosa,1
swearing,1
pocket,1
digwa,1
fitspiration,1
debilitating,1
goji,1
marathoner,1
jot,1
haywires,1
gallstone,1
ofrice,1
2004,1
equipments,1
perceptions,1
tickle,1
preemies,1
seething,1
maachh,1
visitors,1
eugenix,1
morbidly,1
fairer,1
bucket,1
harvard,1
streamline,1
schoolkids,1
gov,1
madras,1
indicant,1
microsurgery,1
startup,1
rnas,1
revival,1
traumatising,1
generic,1
elective,1
situation,1
greenpeace,1
expedite,1
seaweed,1
succumbs,1
bathe,1
privatise,1
agriculture,1
merry,1
228,1
liquorice,1
fresco,1
busts,1
biennial,1
degree,1
brighter,1
rejuvenate,1
desperation,1
maharasthra,1
majority,1
tonic,1
lingerie,1
invents,1
aimed,1
grape,1
accumulation,1
master,1
moratorium,1
directory,1
gin,1
romance,1
feverish,1
fybromyalgia,1
bugged,1
unthinkable,1
magical,1
wonderland,1
inches,1
antifungal,1
sends,1
properly,1
mate,1
foodies,1
savour,1
ghosh,1
polyclinics,1
fingers,1
sterilisation,1
cervix,1
grandchildren,1
pod,1
kachuri,1
limbs,1
ongoing,1
booming,1
spinning,1
defective,1
sars,1
trapped,1
polymer,1
street,1
nibble,1
fluency,1
alice,1
ends,1
rugby,1
detach,1
fermented,1
ness,1
vehicle,1
chauhan,1
harmonization,1
roast,1
exists,1
resting,1
incidents,1
align,1
14th,1
ashwagandha,1
goods,1
youasked,1
weatworking,1
dolls,1
derriere,1
adyar,1
texts,1
consultant,1
thang,1
austrian,1
decreased,1
goat,1
isolate,1
breather,1
penalise,1
husbands,1
audit,1
guinness,1
amounts,1
span,1
amputees,1
reflective,1
steamer,1
anorexics,1
lima,1
clowns,1
socially,1
humidity,1
dept,1
nuke,1
quirkiest,1
canes,1
admissions,1
bam,1
waiting,1
industrialised,1
rbc,1
altered,1
favorite,1
verge,1
television,1
miscommunication,1
fingertip,1
barometer,1
integrated,1
beatboxers,1
mithais,1
palsy,1
epileptic,1
soreness,1
codeine,1
dozing,1
ibs,1
extracted,1
carpet,1
enemies,1
anjivani,1
perinatal,1
okhla,1
pitfalls,1
physiotherapist,1
smearing,1
choudhury,1
toss,1
shapes,1
organise,1
rewarding,1
toughest,1
superpill,1
migrant,1
cyclists,1
menarche,1
gulping,1
elevates,1
threatens,1
literate,1
fireflies,1
canteens,1
nanotech,1
blames,1
litre,1
novartis,1
supermarkets,1
rehydration,1
meditations,1
reappearing,1
whammy,1
speakers,1
getter,1
worthy,1
stenosis,1
fans,1
estimated,1
separate,1
gurus,1
unpleasant,1
spills,1
toppings,1
committed,1
century,1
terrible,1
uglier,1
intolerant,1
ers,1
circus,1
joy,1
moking,1
forehead,1
vrat,1
strides,1
braggie,1
stereotype,1
chillers,1
thong,1
critically,1
gallbladder,1
reflexology,1
twilight,1
opioids,1
pout,1
dabur,1
rubella,1
varun,1
dig,1
preat,1
limited,1
psychopaths,1
parliament,1
vibration,1
disinfect,1
cuddle,1
anvil,1
inhale,1
flicks,1
wastes,1
thermostat,1
incision,1
haart,1
authorities,1
tota,1
fav,1
cinderella,1
infiltrate,1
supports,1
pulmonary,1
uninsured,1
livestock,1
magazines,1
beefy,1
adjusting,1
debating,1
educational,1
daddies,1
betel,1
silica,1
spiritualist,1
peaches,1
darling,1
sawai,1
quinoa,1
shiitake,1
resilient,1
wet,1
concepts,1
smuggled,1
vikas,1
rectify,1
esi,1
overlook,1
eft,1
astrologer,1
bpa,1
antiperspirant,1
selfless,1
liposuction,1
fillers,1
teaching,1
league,1
papal,1
rified,1
wisdom,1
ramzan,1
wean,1
accidentally,1
sharpens,1
carcinogenic,1
breathlessness,1
yolks,1
towns,1
haunts,1
stuffy,1
nuclear,1
blueberry,1
blockages,1
briton,1
250k,1
metal,1
bks,1
supplies,1
reflects,1
elevators,1
foe,1
frailty,1
issued,1
orotein,1
detoxing,1
fortify,1
crush,1
grazing,1
timers,1
overdoing,1
lurking,1
namaskara,1
sole,1
horse,1
freshness,1
rappelling,1
snow,1
mishra,1
creating,1
als,1
73,1
eyeball,1
legalise,1
decent,1
odissi,1
monofin,1
adrenaline,1
controller,1
pearly,1
everytime,1
facelift,1
overpricing,1
kangaroo,1
evidence,1
kanpur,1
convenience,1
elevated,1
eyeballs,1
hubby,1
dye,1
tapeworm,1
celsius,1
intellects,1
realizing,1
approved,1
pankaj,1
tetris,1
surrounding,1
knowledgeable,1
lamb,1
disciplined,1
overly,1
pepmelt,1
underarms,1
quite,1
advance,1
instrument,1
lifetime,1
burner,1
mighty,1
customise,1
emperor,1
bending,1
taunts,1
fair,1
attached,1
tvacha,1
watson,1
raining,1
barbie,1
2040,1
unwise,1
reads,1
cleanest,1
managers,1
oxidative,1
namaz,1
tapping,1
capoeira,1
recklessness,1
mubarak,1
pointers,1
unborns,1
ground,1
mammograms,1
nominate,1
nirrh,1
heavier,1
neuro,1
afford,1
carcinogens,1
tsp,1
patterns,1
refrigerate,1
energies,1
arguments,1
personalized,1
morgan,1
highrises,1
measuring,1
fuels,1
shore,1
buffalo,1
ballroom,1
dependant,1
tulsi,1
cubicles,1
inexpensive,1
rubber,1
cripple,1
lepto,1
expressions,1
perimenopause,1
pulses,1
sparkling,1
drunk,1
inful,1
shweta,1
dearer,1
eaden,1
rejuvenating,1
nonallergic,1
manufacture,1
lowered,1
sinus,1
ignificantly,1
puppy,1
hiccups,1
anesthesia,1
occurs,1
educating,1
candle,1
schedules,1
lotion,1
explores,1
deserves,1
infra,1
havan,1
neetu,1
deduction,1
tolerance,1
harsh,1
diminish,1
versions,1
quits,1
savings,1
buddha,1
mapping,1
bijay,1
anonymous,1
subtypes,1
sheds,1
adulteration,1
burping,1
repeatedly,1
operation,1
donates,1
alarms,1
services,1
insurer,1
brace,1
wasting,1
equally,1
workplaces,1
iaf,1
beeping,1
mrp,1
terone,1
swivel,1
grounded,1
column,1
instruments,1
allergens,1
programmed,1
respite,1
milind,1
footwear,1
accidents,1
recurring,1
involuntary,1
multidrug,1
enrich,1
ticket,1
minor,1
reader,1
attendance,1
britons,1
reprogram,1
segmented,1
kohli,1
eyewash,1
castinate,1
spares,1
discussing,1
drove,1
commute,1
predictable,1
drags,1
spur,1
restoring,1
attain,1
bid,1
flossing,1
bachata,1
reviewed,1
synergistic,1
crises,1
whiter,1
avoiding,1
fistula,1
loosen,1
begun,1
composition,1
9th,1
analyse,1
5k,1
investments,1
mitigate,1
ivy,1
bible,1
hospitalised,1
calmsutra,1
ick,1
bleeds,1
damn,1
stalls,1
prof,1
thick,1
nets,1
thromboembolism,1
tasmanian,1
antiviral,1
3bnyear,1
demons,1
pollutes,1
band,1
demotivated,1
determination,1
scaffolds,1
category,1
aquacise,1
maca,1
retinas,1
disturbance,1
ito,1
avoided,1
autistics,1
enamel,1
glow,1
medicos,1
exaggerated,1
calpol,1
mastectomies,1
begium,1
cruz,1
stressbuster,1
psychology,1
storehouse,1
berry,1
nt,1
famed,1
repairing,1
wines,1
metrics,1
keen,1
emotion,1
narrowly,1
tucked,1
fought,1
coding,1
prod,1
campus,1
masquerading,1
sanjeevani,1
recap,1
suburbs,1
waterfall,1
loves,1
medics,1
prominent,1
dressings,1
simplest,1
boozing,1
dishware,1
rahul,1
dewormed,1
hint,1
dial,1
mutant,1
ne,1
flavourings,1
piercings,1
occult,1
knuckle,1
interim,1
profits,1
innovations,1
berk,1
film,1
packet,1
nerves,1
representatives,1
ashtanga,1
shirt,1
percentage,1
graphic,1
weaknesses,1
hypersexuality,1
farming,1
pinprick,1
species,1
chat,1
hyperactivity,1
crispr,1
565,1
sindhu,1
interviewing,1
uplifts,1
looms,1
tales,1
tipsy,1
principle,1
adhyayan,1
watermelons,1
trump,1
cholestrol,1
mistake,1
chakras,1
opioid,1
gutkha,1
stored,1
regain,1
dispenses,1
oranges,1
symbol,1
kawasaki,1
thickening,1
amitabh,1
icus,1
pledged,1
relatives,1
sharper,1
jain,1
shark,1
lay,1
lunar,1
5amer,1
bendy,1
gooseberry,1
snake,1
refrigerator,1
cats,1
mii,1
payments,1
ensnares,1
roshan,1
significantly,1
persistence,1
committee,1
surfboard,1
rotating,1
flexitarian,1
vidoe,1
conflict,1
paraglider,1
discount,1
boob,1
shooting,1
cdc,1
scarring,1
442,1
wrapping,1
lowfat,1
spurring,1
3k,1
strengthened,1
theta,1
elusive,1
financially,1
nirvana,1
swell,1
carbohydrate,1
suck,1
jomo,1
rotten,1
trek,1
bride,1
emerged,1
268,1
204,1
chougule,1
visits,1
clubs,1
thinness,1
phobias,1
forth,1
ocular,1
material,1
sheet,1
disc,1
lone,1
myntra,1
gamers,1
nowhere,1
rakshit,1
journalists,1
brits,1
detrimental,1
swing,1
bodyshamed,1
hikes,1
visibility,1
independent,1
cruise,1
deposits,1
introducing,1
360,1
gentlemen,1
refreshed,1
pockets,1
chase,1
cord,1
talc,1
diaper,1
spca,1
snowga,1
introduction,1
smash,1
vehicles,1
messaging,1
amidst,1
sneak,1
misperception,1
qualified,1
studying,1
comeback,1
puzzle,1
preferred,1
64,1
mart,1
slap,1
prowess,1
shopaholic,1
dietery,1
generics,1
piano,1
misleads,1
glycemic,1
razor,1
gong,1
concussion,1
assessment,1
valentines,1
collisions,1
amplified,1
uncle,1
committing,1
bhangover,1
disconnect,1
pamper,1
nanodrug,1
progressive,1
vitami,1
elders,1
disclose,1
prep,1
adrenalin,1
treet,1
breeds,1
problematic,1
ncds,1
stunted,1
grafts,1
sedatives,1
mummified,1
shampoos,1
sequence,1
strengthening,1
tanushree,1
thicker,1
risers,1
retcam,1
piles,1
nike,1
lefties,1
wheeze,1
embracing,1
north,1
arrived,1
gom,1
opened,1
discarding,1
spinners,1
meaning,1
lupus,1
variant,1
hrs,1
ape,1
iv,1
partying,1
vibrator,1
jolie,1
kom,1
himanshu,1
maintains,1
territory,1
whiplash,1
varsities,1
pricing,1
ream,1
programmes,1
australia,1
psychopath,1
ambulance,1
weirdest,1
pranayam,1
scarce,1
uperbug,1
raas,1
amputations,1
charged,1
mnik,1
sexercises,1
devise,1
episodes,1
membership,1
95,1
shyness,1
priyanka,1
kashyap,1
warmest,1
dismissed,1
depleting,1
eprivation,1
coli,1
crocheting,1
fundamental,1
oncology,1
rages,1
melts,1
50yrs,1
varied,1
arise,1
radiant,1
denial,1
bump,1
rubik,1
victoria,1
ulcers,1
meeting,1
cliff,1
suits,1
pads,1
fading,1
passers,1
apply,1
abraham,1
md,1
occurrence,1
mesh,1
filtered,1
deteriorating,1
taxes,1
lemons,1
females,1
intimacy,1
bodyweight,1
hairless,1
arika,1
reconstruction,1
gulab,1
15mins,1
bal,1
defined,1
outvote,1
irks,1
lighter,1
comforting,1
tie,1
buttermilk,1
payasams,1
prompt,1
developmental,1
blend,1
tame,1
muay,1
kicks,1
cricketer,1
tan,1
wow,1
staffers,1
ail,1
blow,1
pathological,1
mylan,1
landmark,1
arguing,1
marvel,1
wholegrains,1
corridor,1
stature,1
livers,1
suggested,1
flip,1
antacid,1
shoots,1
cupping,1
bulk,1
snub,1
mayonnaise,1
perils,1
300cr,1
ache,1
cooum,1
boozer,1
civic,1
reheated,1
hookup,1
book,1
starters,1
puff,1
conversion,1
ethnicity,1
shoot,1
milkha,1
travels,1
buzz,1
tand,1
sins,1
brand,1
kumra,1
powerlifting,1
growls,1
sliding,1
inferiority,1
koyal,1
aromas,1
tii,1
squash,1
communicate,1
tires,1
grassroots,1
gastrointestinal,1
motives,1
mellitus,1
irt,1
reuse,1
fistful,1
daunting,1
eyed,1
controllers,1
service,1
burlesque,1
finale,1
gandhian,1
hack,1
teatox,1
spaniards,1
applications,1
steel,1
heusen,1
reap,1
licorice,1
swiss,1
factory,1
van,1
spin,1
fibrosis,1
mediclaim,1
savage,1
specially,1
mayor,1
viewing,1
limb,1
breathalyser,1
urinate,1
undercooked,1
shockwaves,1
forward,1
dysmorphic,1
ppi,1
producing,1
18k,1
pokmon,1
wlf,1
object,1
stains,1
gnaw,1
enrolling,1
precursor,1
warrant,1
flavors,1
066,1
pull,1
mask,1
interrupted,1
border,1
split,1
governed,1
muskmelon,1
cant,1
scanned,1
sooner,1
zesty,1
cotton,1
sexiest,1
halal,1
joggers,1
rosy,1
abbott,1
mushy,1
judo,1
balancing,1
schizophrenic,1
vanilla,1
ronit,1
buzzes,1
regrow,1
breaths,1
exiting,1
saligram,1
legend,1
virbhadra,1
discard,1
patents,1
reaching,1
unpunished,1
whatever,1
rowland,1
steroidal,1
freishman,1
madhuri,1
gi,1
retreat,1
uttarayan,1
hygeine,1
hey,1
engage,1
injecting,1
douse,1
tendon,1
priority,1
cheeks,1
marry,1
gp,1
98,1
testimonial,1
superstar,1
chives,1
disinfectant,1
rampant,1
liberal,1
bronchial,1
bounce,1
baarish,1
respecting,1
vow,1
feature,1
zucchini,1
msg,1
cushy,1
weighed,1
coats,1
interacting,1
ol,1
coughing,1
jha,1
bubble,1
motivational,1
checked,1
vascular,1
microscope,1
acoustic,1
breathless,1
ointment,1
gravity,1
underrated,1
aim,1
simplify,1
monoxide,1
widely,1
obama,1
sigh,1
salmonella,1
cfc,1
winnie,1
award,1
looked,1
heartache,1
honest,1
boreout,1
auto,1
decayed,1
guards,1
operations,1
carriers,1
unsightly,1
neuroscience,1
participation,1
chit,1
hospitalisation,1
naked,1
soya,1
cultured,1
wound,1
heed,1
peeing,1
monitors,1
surf,1
mode,1
childbearing,1
387,1
cynicism,1
decreases,1
hateful,1
transition,1
tune,1
rohilkhand,1
declared,1
lotus,1
fsd,1
unacceptable,1
glutten,1
sagarika,1
preeti,1
restriction,1
gur,1
uncomfortable,1
creep,1
unpredicatbililty,1
perfumes,1
synergy,1
compelling,1
drdo,1
policing,1
guess,1
thoughtful,1
pcr,1
players,1
faced,1
giloy,1
gorging,1
balm,1
hail,1
conduct,1
prepped,1
complains,1
angad,1
huntington,1
camper,1
inequality,1
5m,1
bhavik,1
neanderthal,1
didi,1
tubectomies,1
lovemaking,1
stuns,1
overindulgence,1
uit,1
imbibe,1
relapses,1
experimental,1
scent,1
streak,1
dentists,1
stimulate,1
viciously,1
narcotics,1
general,1
generated,1
compromise,1
fuzzy,1
tables,1
mas,1
mucus,1
videotaping,1
leaders,1
milano,1
deonar,1
soldiers,1
pearl,1
aahana,1
immediate,1
durations,1
escalate,1
rights,1
hash,1
regulating,1
september,1
chia,1
itches,1
epics,1
browsing,1
complementary,1
sundays,1
confessions,1
clients,1
pid,1
arches,1
dadbod,1
council,1
shaping,1
bogus,1
giants,1
noni,1
lucknow,1
adoptions,1
electrolyte,1
marker,1
cosmetic,1
b6,1
chiropractor,1
hiring,1
intradermal,1
returns,1
rousseff,1
peers,1
turkey,1
updated,1
egfr,1
keira,1
flex,1
dancercises,1
4m,1
flunked,1
checking,1
mead,1
mindedness,1
mmas,1
rocking,1
quaffing,1
inspection,1
bahrain,1
kolhapur,1
physicians,1
anesthetic,1
said,1
surround,1
disrupting,1
william,1
became,1
juggler,1
nimhans,1
heark,1
rival,1
voices,1
thanks,1
lactation,1
birthweight,1
annoyance,1
lotte,1
expo,1
surface,1
rockstar,1
polluters,1
chocoholics,1
placebo,1
tds,1
mahatma,1
totally,1
shores,1
equality,1
encouraging,1
usual,1
terribly,1
narayana,1
nonprescription,1
discharge,1
30pc,1
blending,1
angel,1
uncoupling,1
aroma,1
complicated,1
instantly,1
conversations,1
martphone,1
dullness,1
maneka,1
litchi,1
endure,1
rings,1
tedious,1
eclipse,1
dumped,1
pea,1
trip,1
disabilities,1
puneet,1
medanta,1
sweep,1
chewable,1
skateboarding,1
folic,1
chauffeur,1
linking,1
itzcash,1
flare,1
hotspot,1
junks,1
97th,1
b3,1
bouts,1
err,1
familial,1
bln,1
upa,1
sept,1
ajmer,1
nationwide,1
sirt,1
snapshots,1
wipe,1
aero,1
given,1
macular,1
headband,1
concrete,1
gloves,1
unexpected,1
outnumber,1
suppressant,1
hurry,1
ops,1
gurugram,1
goulding,1
neglected,1
composer,1
soulmates,1
640,1
skymet,1
enhancers,1
mohalla,1
kajol,1
t20,1
erode,1
glands,1
shimla,1
exenatide,1
colouring,1
tipple,1
gutka,1
25mn,1
denmark,1
driven,1
existing,1
medicate,1
forgive,1
elan,1
households,1
journals,1
crawl,1
uperfood,1
stump,1
arya,1
paralysed,1
analyzer,1
maturity,1
52,1
salutation,1
religiosity,1
madhu,1
inducers,1
rukh,1
bees,1
biobank,1
approaching,1
duration,1
awry,1
burnmark,1
rainfall,1
crow,1
damaged,1
antidiabetic,1
pilots,1
abhay,1
anal,1
chemistry,1
urbanisation,1
desires,1
gazpacho,1
desktop,1
pairings,1
inguinal,1
greek,1
dramatically,1
pastes,1
abvs,1
cyber,1
restricted,1
6th,1
merging,1
mayans,1
clan,1
blackcurrants,1
hostile,1
toad,1
opd,1
surfing,1
salman,1
fattest,1
mops,1
bangla,1
periodontitis,1
inaugurate,1
coating,1
officer,1
addictions,1
suri,1
nalini,1
bombs,1
flaw,1
ovaries,1
guinea,1
basis,1
bars,1
fries,1
cirrhosis,1
integrity,1
emails,1
margazhiampnbsp,1
violet,1
cross,1
routines,1
flavanols,1
hungover,1
batman,1
fixation,1
lady,1
snob,1
batteries,1
anxieties,1
pickled,1
memberships,1
ringtones,1
flavours,1
endorsers,1
tribunal,1
sufism,1
gymmers,1
darkening,1
deforestation,1
rejoin,1
arbaaz,1
vessel,1
aisle,1
boying,1
glioblastomas,1
overpower,1
bills,1
eggplant,1
regulatory,1
conjunctivitis,1
87,1
lyme,1
radish,1
ramp,1
earl,1
fairy,1
nutritionally,1
gul,1
mp3,1
concussions,1
chiropractic,1
menance,1
genomepatra,1
nawaz,1
pepsi,1
wedges,1
ultra,1
harsha,1
atrial,1
psychologically,1
donamp39ts,1
hints,1
shifting,1
lobes,1
pinkathon,1
creeping,1
bombards,1
card,1
trumps,1
110,1
diesel,1
rut,1
wacky,1
brutal,1
peruvian,1
koirala,1
reproduction,1
3s,1
confident,1
insecurity,1
blowing,1
bicycling,1
combines,1
timebomb,1
durian,1
fizz,1
returning,1
served,1
pct,1
motor,1
rana,1
sprinting,1
cuddling,1
aspartame,1
eyeliners,1
awakening,1
sonal,1
headed,1
haploidentical,1
reprogramming,1
underestimated,1
fur,1
micropacemaker,1
adaptable,1
auricular,1
demise,1
latte,1
obics,1
baroque,1
activist,1
wives,1
negate,1
recipient,1
widened,1
neighbours,1
convert,1
optical,1
raisins,1
curiously,1
paediatric,1
hotspots,1
sway,1
honour,1
lsm,1
manipulating,1
sulphur,1
models,1
peta,1
240,1
maltreatments,1
foetuses,1
menstruate,1
murugesh,1
loo,1
downside,1
chose,1
predisposes,1
elite,1
untreatability,1
antidepressant,1
relation,1
dixit,1
uptight,1
rotis,1
bolt,1
kelly,1
gynaes,1
yoghurts,1
wondrous,1
pulling,1
steamier,1
tem,1
windows,1
revolutionise,1
centers,1
stricken,1
shalini,1
praise,1
awaits,1
speeds,1
tensed,1
gastro,1
pause,1
acidic,1
portfolio,1
send,1
trending,1
ka,1
cobra,1
empathy,1
donated,1
spoonful,1
fueling,1
foreseen,1
colicky,1
insured,1
units,1
struggle,1
domino,1
andhra,1
911,1
fits,1
insignificant,1
antenatal,1
lesbian,1
cheats,1
infestation,1
bundle,1
zip,1
icy,1
computers,1
stepathlon,1
waters,1
cvds,1
valves,1
etymology,1
calamities,1
desai,1
superfruit,1
kardashian,1
mutilation,1
hinder,1
empowered,1
solomon,1
pioneer,1
organisers,1
multivitamin,1
mastering,1
loop,1
proportionate,1
nachni,1
tia,1
wrestlers,1
kejrwal,1
privates,1
orangetheory,1
antibody,1
caregiver,1
saying,1
uv,1
assam,1
slamming,1
pehli,1
responds,1
therapists,1
slogan,1
bothering,1
pharmaceuticals,1
chaach,1
cushioned,1
personnel,1
volumetrics,1
tifr,1
unjunked,1
79,1
eligible,1
youths,1
vanishing,1
flour,1
dormant,1
nosebleed,1
elasticity,1
sow,1
citizen,1
vie,1
intrinsic,1
canines,1
46,1
refusing,1
dare,1
horses,1
blueprint,1
religions,1
peed,1
doubts,1
bacterium,1
supplementation,1
munde,1
coriander,1
mobs,1
hallucination,1
song,1
downpour,1
devie,1
biceps,1
fountain,1
hypnotic,1
scarless,1
baking,1
hypotension,1
modify,1
statin,1
effort,1
upwards,1
lived,1
bhaat,1
wreck,1
wmo,1
minimum,1
sarinotsorry,1
akshay,1
presidential,1
integral,1
disrupt,1
platelet,1
solid,1
burritos,1
abusive,1
continuous,1
jumping,1
filters,1
rotavirus,1
abc,1
religion,1
ambulances,1
burst,1
inc,1
brewed,1
saina,1
cachexia,1
stricter,1
jalebi,1
microbleeds,1
flax,1
clarity,1
enticing,1
nationally,1
monogamous,1
paranoia,1
selects,1
roughage,1
beard,1
munjal,1
sabotage,1
appendix,1
jitendra,1
sabi,1
happily,1
disguise,1
solvers,1
harshest,1
statistics,1
placentas,1
cricketers,1
sperms,1
cranky,1
cigs,1
grilling,1
heals,1
tier,1
personalise,1
unreachable,1
monomeals,1
melt,1
hummus,1
plane,1
whiten,1
haemophilia,1
firefighting,1
smells,1
marital,1
postpone,1
shrinkage,1
partially,1
wanting,1
iodine,1
hike,1
seasickness,1
ankles,1
ebix,1
highlights,1
reiki,1
bifocals,1
keenness,1
binged,1
americas,1
gels,1
pearls,1
rejected,1
muffins,1
define,1
overactive,1
thalassemic,1
commonest,1
extraordinary,1
ssc,1
fly,1
120,1
sporting,1
pesticide,1
wrinkle,1
eluding,1
staples,1
silences,1
automated,1
disrupted,1
enlarged,1
kra,1
politician,1
jamal,1
10m,1
peaks,1
hubs,1
anaesthetic,1
prince,1
tearing,1
moorjani,1
teacher,1
distressing,1
detecting,1
bless,1
wealthy,1
sofia,1
altering,1
kilograms,1
situations,1
scorpions,1
pakistanis,1
witch,1
ipf,1
refute,1
adoption,1
mahesh,1
containing,1
oesophageal,1
broke,1
baths,1
processors,1
weekdays,1
flaxseeds,1
endorse,1
realised,1
infrastructure,1
wards,1
protests,1
packets,1
af,1
meetha,1
tonsil,1
ricedoes,1
gatka,1
exploding,1
wondering,1
stab,1
sticky,1
idol,1
mutation,1
padukone,1
exaggerates,1
ego,1
empathising,1
malpractice,1
anamika,1
manboobs,1
achieving,1
handers,1
bedsores,1
attempt,1
ciggie,1
unreal,1
unreliable,1
biologic,1
musings,1
681,1
womens,1
collagen,1
personified,1
meradoctor,1
50s,1
fan,1
ozone,1
dense,1
carcinogen,1
nourish,1
singer,1
estimate,1
corneas,1
poha,1
fibromyalgia,1
intertwine,1
yogurts,1
fabrics,1
saran,1
disinfectants,1
inseparable,1
stocked,1
nanda,1
wheatgrass,1
richer,1
nipples,1
tamoxifen,1
navi,1
survivoramp39s,1
navratra,1
registered,1
kink,1
evenings,1
unknowingly,1
reminder,1
isu,1
businesses,1
camp,1
kickstart,1
spookier,1
exterior,1
dependence,1
wi,1
unrelated,1
txt,1
payal,1
hindu,1
ranked,1
disabilty,1
chomping,1
parsley,1
bunk,1
graphical,1
f,1
personalities,1
breech,1
gratitude,1
combos,1
mustard,1
faith,1
internal,1
suddenly,1
engineer,1
invented,1
lycra,1
stretchy,1
lasts,1
spark,1
ugly,1
evaluate,1
refrigerators,1
inhibition,1
hypothyroidism,1
disasters,1
bizman,1
beet,1
congratulations,1
recipients,1
stitches,1
boot,1
impossible,1
gardens,1
otzi,1
raje,1
hairspray,1
unless,1
midwife,1
swipe,1
predicted,1
gamblers,1
strict,1
infostress,1
randonneuring,1
iisc,1
crushes,1
disappointed,1
diarrhea,1
wristbands,1
superbug,1
gonorrhea,1
refresh,1
bleed,1
vidyut,1
religious,1
isconnected,1
impairment,1
065,1
heating,1
entrepreneurs,1
sh,1
asiya,1
mala,1
eastern,1
inhibit,1
request,1
bloopers,1
anita,1
notify,1
mishap,1
feels,1
canine,1
dmrc,1
rakes,1
virgo,1
shampoo,1
commonly,1
appeal,1
hemoglobin,1
shriya,1
fitcation,1
shor,1
sided,1
stitch,1
bull,1
mcom,1
builder,1
ramani,1
amdavadis,1
autopsy,1
respond,1
flatten,1
task,1
ballyhoo,1
srk,1
439,1
stapling,1
expressive,1
consoles,1
invent,1
bakery,1
komal,1
distances,1
district,1
dummy,1
mers,1
outwit,1
participate,1
sausage,1
application,1
ripped,1
hrithik,1
imply,1
cricket,1
propel,1
defeating,1
meth,1
crossfit,1
monogamy,1
pants,1
freak,1
dispel,1
maleness,1
sneezing,1
math,1
march,1
trace,1
ilent,1
dealt,1
diuretics,1
pulls,1
patience,1
superman,1
considerably,1
nags,1
linger,1
tendons,1
soldier,1
doors,1
ties,1
endanger,1
respiration,1
storm,1
exposing,1
override,1
bindi,1
toolkit,1
jack,1
mature,1
krav,1
delights,1
farzana,1
valid,1
op,1
field,1
impose,1
robotics,1
slough,1
separation,1
selective,1
youthfulness,1
sprout,1
nectar,1
tony,1
fitr,1
classes,1
rashers,1
savant,1
shilpy,1
hospitalization,1
dal,1
quells,1
aloud,1
2k,1
intolerants,1
silicosis,1
moisturiser,1
politics,1
outs,1
thesaurus,1
lowest,1
connections,1
disordered,1
overusing,1
witnessing,1
proceed,1
sprained,1
undetected,1
curbing,1
consolidate,1
genie,1
amish,1
osteomalacia,1
mess,1
gall,1
mdg,1
negligence,1
incentive,1
operative,1
fibrillation,1
variability,1
legumes,1
reliable,1
considering,1
svatantra,1
jargon,1
crunchy,1
faceless,1
millets,1
cops,1
tankers,1
ckd,1
granted,1
bachelors,1
scald,1
andy,1
empower,1
definition,1
preceded,1
tasting,1
upbeat,1
duty,1
barre,1
foreigners,1
soar,1
hill,1
jeers,1
morbid,1
fusilli,1
lighten,1
aquatic,1
specialists,1
briefly,1
pune,1
concoction,1
pictures,1
katrina,1
draws,1
oatmeal,1
inceases,1
crt,1
aphrodisiacs,1
depressive,1
breastfed,1
dominate,1
lotions,1
inducing,1
absent,1
agree,1
possibly,1
greener,1
theory,1
ageless,1
protecting,1
prick,1
complication,1
footballer,1
happening,1
slant,1
gatherings,1
contemplating,1
88,1
manganese,1
eliminating,1
roseroot,1
valentina,1
saayoni,1
antiretrovirals,1
creates,1
wiring,1
suggest,1
chennaiites,1
90s,1
cellphones,1
fixers,1
ringing,1
canned,1
explosive,1
negetive,1
goer,1
jeans,1
protien,1
steak,1
derrire,1
wadhawan,1
sponge,1
idle,1
picnic,1
meghalaya,1
rough,1
pleader,1
58pct,1
figs,1
mainstream,1
stiffness,1
awaiting,1
faint,1
soaring,1
user,1
lit,1
bragger,1
neeraj,1
manisha,1
showering,1
regeneration,1
receptor,1
forecast,1
plagued,1
convertible,1
shockwave,1
jibes,1
total,1
wisdoms,1
worriers,1
bajpai,1
brainiest,1
superwoman,1
shantanu,1
easing,1
cghs,1
distant,1
pave,1
trains,1
paddleboard,1
examined,1
kunal,1
arrival,1
cerebral,1
cultivate,1
mukhwas,1
performances,1
unapproved,1
counseling,1
gargling,1
papayas,1
unbearable,1
glamour,1
metaphors,1
onto,1
paraplegics,1
steam,1
curtains,1
depends,1
disturbed,1
luru,1
skew,1
tape,1
smashed,1
usain,1
misunderstood,1
design,1
kashmir,1
clutter,1
embarrassment,1
satisfy,1
nouveau,1
gwyneth,1
throats,1
mcclintock,1
circle,1
overhaul,1
lymphoma,1
practictioners,1
spirituality,1
mixing,1
chilbil,1
rosehip,1
announce,1
clocks,1
arginine,1
pricking,1
rathore,1
chained,1
bubbly,1
adherence,1
bs4,1
sweats,1
carries,1
contract,1
niv,1
algorithms,1
shell,1
700,1
slouch,1
spicing,1
paro,1
dwellers,1
king,1
vasa,1
loving,1
39,1
pulse,1
indore,1
millennials,1
63m,1
cruising,1
pleasing,1
scourge,1
hills,1
colorado,1
narendra,1
swimsuit,1
constipated,1
asymmetry,1
clog,1
mania,1
rose,1
vishal,1
sharks,1
gates,1
towel,1
actress,1
leftover,1
interest,1
harlequin,1
porez,1
snacker,1
boiled,1
divyanka,1
adversities,1
brood,1
hariharan,1
2009,1
bulging,1
shortly,1
attend,1
trps,1
sniffs,1
sarcasm,1
prosthetics,1
phenomenon,1
ocd,1
convention,1
asap,1
cushing,1
splash,1
bendre,1
doping,1
breastmilk,1
yeast,1
mattress,1
flakes,1
keralites,1
lips,1
2060,1
girlhood,1
rubbing,1
stethoscope,1
profound,1
dm,1
06,1
activating,1
animals,1
menthol,1
indulgence,1
nino,1
unfriendly,1
upright,1
cinema,1
aaron,1
bromate,1
casts,1
dravid,1
debated,1
164,1
lend,1
untreated,1
tower,1
jason,1
networked,1
momin,1
playful,1
ace,1
silicone,1
86,1
budding,1
unisex,1
socialites,1
programmable,1
orgasms,1
current,1
350,1
consultants,1
prostitutes,1
imbibing,1
smartest,1
cake,1
samir,1
paternal,1
pil,1
certification,1
undergoes,1
pavakka,1
swedish,1
equals,1
ta,1
momos,1
cacao,1
mocked,1
attractive,1
cyr,1
rather,1
racing,1
diarrhoeal,1
colleges,1
nocturia,1
hygge,1
pa,1
jittery,1
sofa,1
27,1
polish,1
troga,1
spikes,1
easter,1
gadget,1
eradicating,1
flexibility,1
urbanised,1
h20,1
cucumbers,1
showing,1
gynaec,1
meetings,1
pneumococcal,1
military,1
wabi,1
correlated,1
iqs,1
dedicated,1
counters,1
undergoing,1
chlamydia,1
mos,1
beef,1
masumeh,1
powder,1
cafes,1
conveniences,1
schemes,1
cherish,1
choosing,1
grip,1
tear,1
added,1
hypertensive,1
co2,1
hanging,1
bieber,1
grapple,1
spf30,1
5th,1
thinning,1
station,1
hop,1
pullout,1
purify,1
sweeps,1
suspension,1
traditions,1
designs,1
lock,1
54,1
darwin,1
behavioral,1
bellied,1
crashes,1
misery,1
rope,1
defense,1
minus,1
marching,1
robin,1
kombucha,1
labelled,1
sushmita,1
mammogram,1
venous,1
dyslexic,1
mulled,1
ileana,1
paused,1
odd,1
doze,1
transmitting,1
meets,1
dec,1
takeaway,1
replacements,1
collateral,1
pedaling,1
titanic,1
promised,1
pressures,1
nipped,1
doamp39s,1
funeral,1
76,1
birla,1
chocoholic,1
winteramp39s,1
astronauts,1
26,1
crumbling,1
rewire,1
lifesaving,1
bios,1
chafing,1
piling,1
mommies,1
synbiotics,1
administering,1
vibrations,1
ancestors,1
sledding,1
wings,1
underage,1
tejaswini,1
selfies,1
accounts,1
defensive,1
lauder,1
unravelling,1
watercress,1
orthostatic,1
beginning,1
pork,1
joins,1
rasgulla,1
divorced,1
unlike,1
buyers,1
vacant,1
storers,1
plain,1
restored,1
broiled,1
sirens,1
oriented,1
duo,1
sporty,1
cornflakes,1
maps,1
parasites,1
answered,1
cripples,1
poliovirus,1
sleeps,1
tummies,1
apt,1
lullabies,1
immobile,1
elevate,1
comedy,1
restful,1
member,1
mining,1
standardize,1
blah,1
land,1
nidhi,1
congestion,1
grannies,1
kong,1
devils,1
hydrates,1
interrelated,1
bmi,1
none,1
newspaper,1
chakra,1
unpopular,1
frontier,1
judges,1
beedi,1
graph,1
divine,1
guardian,1
unintentional,1
readings,1
westerners,1
speaks,1
gung,1
repellents,1
housewives,1
2000,1
mistaken,1
vicious,1
fernandez,1
buddhism,1
nifty,1
spondylitis,1
imperative,1
thane,1
47,1
470,1
sterilization,1
prateik,1
anjali,1
jharkhand,1
pecialists,1
interpreting,1
worlds,1
compensate,1
connect,1
virginity,1
healthonism,1
foretell,1
bedside,1
grater,1
cultivation,1
whooping,1
marketed,1
ananya,1
laptop,1
suit,1
ncb,1
forced,1
energized,1
cysts,1
ham,1
bereavement,1
joystick,1
regimens,1
68,1
derailed,1
scleroderma,1
aditi,1
coma,1
singha,1
overdone,1
d2,1
relaxine,1
htma,1
died,1
sprinkle,1
panag,1
unannounced,1
tetra,1
lest,1
meter,1
irish,1
imposing,1
unliveable,1
rewards,1
dhanjani,1
ragi,1
ichthyosis,1
avoidable,1
psychologists,1
carbonated,1
sponsored,1
ski,1
bansal,1
megabite,1
molecule,1
followers,1
deny,1
preparation,1
slowing,1
impede,1
grass,1
snore,1
inaugrates,1
rainproof,1
properties,1
awkwardness,1
63,1
stylish,1
tanzania,1
destroying,1
pitch,1
vijender,1
jams,1
motivators,1
transsexuals,1
reporting,1
cursing,1
ghar,1
aspiring,1
witnesses,1
reclassify,1
jaggery,1
brassiere,1
